account_id,date_col,target,transaction_amount,product_title,review_body,age,account_age_days,annual_income,country,subscription_tier
0,2024-02-26 00:32:42,1,41.76,phone case,amazing value highly recommend,21,1815,68384.93,IN,basic
0,2024-02-26 02:09:40,1,111.4,backpack,works as expected average experience,42,618,45623.07,US,enterprise
0,2024-02-26 02:32:50,1,212.86,backpack,arrived damaged poor packaging,63,642,62770.03,FR,free
0,2024-02-26 03:39:19,1,35.61,laptop stand,great product fast shipping,44,337,81652.31,FR,basic
0,2024-02-26 03:52:13,0,24.14,water bottle,great product fast shipping,18,1371,21497.47,FR,free
0,2024-02-26 04:00:26,1,104.69,water bottle,amazing value highly recommend,66,665,89184.7,DE,premium
0,2024-02-26 07:42:33,1,10.89,bluetooth speaker,stopped working after a week,51,1992,64110.99,UK,basic
0,2024-02-26 08:01:22,0,29.51,desk lamp,perfect fit very comfortable,34,843,93694.88,AU,free
0,2024-02-26 09:45:11,1,81.18,phone case,arrived damaged poor packaging,65,1766,97189.73,FR,enterprise
0,2024-02-26 09:49:13,0,12.21,phone case,amazing value highly recommend,29,1556,74596.14,FR,basic
0,2024-02-26 10:01:51,1,19.46,running shoes,arrived damaged poor packaging,66,1546,63944.25,IN,free
0,2024-02-26 10:42:27,0,18.55,running shoes,works as expected average experience,24,1237,113445.95,US,premium
0,2024-02-26 11:05:06,1,49.8,bluetooth speaker,not worth the price disappointed,21,1776,38096.52,CA,free
0,2024-02-26 11:53:42,1,71.55,backpack,great product fast shipping,64,1819,31741.87,US,free
0,2024-02-26 11:56:09,1,138.14,bluetooth speaker,excellent quality would buy again,48,993,54453.52,CA,free
0,2024-02-26 12:01:30,0,30.22,phone case,perfect fit very comfortable,19,1794,45380.32,US,free
0,2024-02-26 15:56:36,0,3.11,desk lamp,amazing value highly recommend,61,1606,51415.27,CA,free
0,2024-02-26 16:42:42,1,44.07,yoga mat,perfect fit very comfortable,60,1906,81269.03,IN,free
0,2024-02-26 16:43:20,0,25.52,running shoes,excellent quality would buy again,53,1199,60927.39,FR,premium
0,2024-02-26 17:12:33,0,30.44,bluetooth speaker,not worth the price disappointed,31,298,45849.19,FR,basic
0,2024-02-26 17:20:11,0,20.6,desk lamp,stopped working after a week,61,572,43554.0,AU,free
0,2024-02-26 18:31:02,0,25.91,laptop stand,works as expected average experience,19,329,48316.67,AU,free
0,2024-02-26 19:32:11,1,44.19,phone case,works as expected average experience,23,1311,79529.41,UK,premium
0,2024-02-26 21:36:53,1,107.1,running shoes,amazing value highly recommend,67,1539,89597.39,AU,basic
0,2024-02-26 22:30:47,1,208.44,water bottle,works as expected average experience,59,1507,57494.99,DE,basic
0,2024-02-26 23:54:23,0,23.29,backpack,stopped working after a week,37,1994,55600.03,US,premium
1,2024-01-27 01:54:07,0,20.13,desk lamp,great product fast shipping,62,605,57799.03,CA,premium
1,2024-01-27 02:06:12,1,81.45,coffee maker,works as expected average experience,67,1291,97658.21,FR,premium
1,2024-01-27 02:18:48,0,14.05,running shoes,works as expected average experience,67,1526,29399.89,CA,enterprise
1,2024-01-27 02:49:55,1,5.43,bluetooth speaker,excellent quality would buy again,57,1581,86109.14,FR,enterprise
1,2024-01-27 03:03:42,1,42.87,laptop stand,perfect fit very comfortable,54,414,45581.73,US,premium
1,2024-01-27 03:59:20,0,16.73,bluetooth speaker,arrived damaged poor packaging,18,1927,71717.39,IN,free
1,2024-01-27 04:51:24,0,12.87,laptop stand,not worth the price disappointed,56,1230,27950.86,UK,premium
1,2024-01-27 05:43:49,1,73.03,coffee maker,works as expected average experience,53,157,80722.91,CA,free
1,2024-01-27 06:16:02,0,66.85,desk lamp,arrived damaged poor packaging,48,127,49611.28,DE,premium
1,2024-01-27 06:19:28,0,61.69,water bottle,works as expected average experience,54,837,55151.96,CA,free
1,2024-01-27 06:22:51,0,51.97,running shoes,excellent quality would buy again,27,390,38869.37,CA,basic
1,2024-01-27 06:32:01,1,32.52,water bottle,great product fast shipping,53,783,50343.92,US,basic
1,2024-01-27 07:14:10,0,34.2,running shoes,works as expected average experience,47,1830,32564.49,UK,basic
1,2024-01-27 07:20:34,0,20.09,yoga mat,amazing value highly recommend,30,311,43614.24,CA,free
1,2024-01-27 08:08:04,0,28.43,running shoes,excellent quality would buy again,41,634,40303.16,IN,premium
1,2024-01-27 08:13:19,0,32.76,water bottle,amazing value highly recommend,69,1732,28168.67,AU,free
1,2024-01-27 08:41:00,1,8.05,water bottle,amazing value highly recommend,55,1447,59644.68,AU,premium
1,2024-01-27 08:47:25,0,177.11,backpack,amazing value highly recommend,55,743,31961.86,FR,free
1,2024-01-27 09:08:40,1,47.84,phone case,perfect fit very comfortable,24,1346,52744.82,US,free
1,2024-01-27 10:43:42,1,24.96,water bottle,excellent quality would buy again,44,686,35892.62,AU,premium
1,2024-01-27 10:47:04,1,38.21,desk lamp,perfect fit very comfortable,64,102,43978.96,CA,premium
1,2024-01-27 10:56:19,0,13.2,backpack,great product fast shipping,43,199,37557.87,CA,free
1,2024-01-27 10:58:40,1,47.46,water bottle,perfect fit very comfortable,46,35,63519.33,FR,premium
1,2024-01-27 11:52:53,0,24.23,coffee maker,stopped working after a week,41,1028,56456.9,DE,basic
1,2024-01-27 14:34:21,1,10.57,coffee maker,works as expected average experience,45,499,25502.43,CA,premium
1,2024-01-27 15:07:36,0,11.15,phone case,stopped working after a week,30,780,81266.38,US,basic
1,2024-01-27 16:24:31,0,11.83,phone case,amazing value highly recommend,22,361,44310.85,FR,premium
1,2024-01-27 16:47:34,0,129.63,desk lamp,perfect fit very comfortable,61,163,33212.57,IN,basic
1,2024-01-27 16:53:48,0,58.53,running shoes,not worth the price disappointed,50,670,62784.55,IN,free
1,2024-01-27 17:12:19,0,11.04,wireless earbuds,excellent quality would buy again,20,1935,62546.94,CA,basic
1,2024-01-27 17:19:07,1,21.05,coffee maker,arrived damaged poor packaging,54,473,28200.6,UK,premium
1,2024-01-27 17:41:09,0,20.23,phone case,not worth the price disappointed,30,1522,34013.82,DE,premium
1,2024-01-27 18:20:29,1,36.29,phone case,amazing value highly recommend,69,1871,32062.36,DE,basic
1,2024-01-27 18:41:24,0,17.33,desk lamp,works as expected average experience,52,1938,44485.85,CA,free
1,2024-01-27 18:56:10,1,43.06,wireless earbuds,works as expected average experience,43,484,71599.8,FR,enterprise
1,2024-01-27 21:39:44,0,13.69,yoga mat,arrived damaged poor packaging,34,1513,38112.0,DE,free
1,2024-01-27 21:48:21,0,10.32,coffee maker,excellent quality would buy again,45,1369,33498.36,IN,free
1,2024-01-27 23:01:57,1,36.15,laptop stand,stopped working after a week,35,89,59057.19,CA,premium
1,2024-01-27 23:05:07,0,29.07,running shoes,great product fast shipping,63,1796,41921.19,AU,basic
1,2024-01-27 23:15:36,1,43.12,water bottle,stopped working after a week,21,1909,40752.27,CA,free
2,2024-01-10 00:28:06,0,163.7,yoga mat,works as expected average experience,69,1372,38888.25,DE,basic
2,2024-01-10 00:59:55,0,78.5,backpack,amazing value highly recommend,44,722,50385.79,IN,enterprise
2,2024-01-10 02:01:35,0,3.67,laptop stand,works as expected average experience,32,736,44721.12,UK,free
2,2024-01-10 02:16:21,0,25.74,coffee maker,amazing value highly recommend,55,1378,82623.41,UK,free
2,2024-01-10 02:28:54,0,13.04,water bottle,amazing value highly recommend,55,508,51253.26,AU,free
2,2024-01-10 03:21:55,1,18.69,running shoes,great product fast shipping,40,1649,64123.65,CA,free
2,2024-01-10 03:28:06,0,42.42,backpack,excellent quality would buy again,26,1755,71995.0,UK,free
2,2024-01-10 04:05:39,0,8.59,water bottle,excellent quality would buy again,64,470,42241.15,FR,free
2,2024-01-10 04:12:15,1,165.17,desk lamp,works as expected average experience,55,1963,73319.24,AU,basic
2,2024-01-10 04:14:33,0,49.35,phone case,stopped working after a week,52,502,42601.07,IN,free
2,2024-01-10 04:18:25,0,86.39,coffee maker,stopped working after a week,22,1670,42532.56,US,basic
2,2024-01-10 04:31:02,0,6.0,running shoes,stopped working after a week,66,1636,32062.34,US,premium
2,2024-01-10 07:11:59,1,15.73,laptop stand,works as expected average experience,29,748,51502.38,DE,premium
2,2024-01-10 07:24:28,0,8.62,desk lamp,amazing value highly recommend,58,706,74993.18,CA,free
2,2024-01-10 07:55:00,1,54.26,running shoes,great product fast shipping,48,1608,59563.35,US,free
2,2024-01-10 09:58:45,0,28.48,yoga mat,arrived damaged poor packaging,24,1244,46020.51,CA,basic
2,2024-01-10 10:22:12,1,6.7,phone case,not worth the price disappointed,42,1496,51195.42,CA,premium
2,2024-01-10 11:07:00,0,6.14,backpack,great product fast shipping,64,64,42716.72,UK,premium
2,2024-01-10 11:49:34,1,34.96,laptop stand,works as expected average experience,49,516,58155.26,DE,free
2,2024-01-10 11:51:20,0,28.9,running shoes,great product fast shipping,26,1500,41736.64,DE,free
2,2024-01-10 13:07:32,0,27.96,water bottle,great product fast shipping,66,879,39641.74,US,free
2,2024-01-10 13:54:04,1,43.13,desk lamp,great product fast shipping,46,1001,29462.53,DE,premium
2,2024-01-10 14:01:06,1,94.6,backpack,works as expected average experience,25,955,49744.2,CA,free
2,2024-01-10 14:06:12,0,15.37,phone case,amazing value highly recommend,28,1068,23079.81,US,basic
2,2024-01-10 15:03:19,1,39.18,water bottle,stopped working after a week,48,1865,39730.17,UK,free
2,2024-01-10 15:05:23,0,12.01,running shoes,amazing value highly recommend,19,1890,52519.65,UK,premium
2,2024-01-10 15:35:46,0,7.05,phone case,great product fast shipping,40,844,77019.35,AU,free
2,2024-01-10 15:51:15,0,51.64,bluetooth speaker,amazing value highly recommend,28,340,36790.54,US,free
2,2024-01-10 15:55:08,1,67.79,yoga mat,works as expected average experience,38,707,50669.48,FR,premium
2,2024-01-10 16:15:53,0,72.62,backpack,great product fast shipping,40,1688,31178.15,CA,premium
2,2024-01-10 17:16:01,0,51.34,phone case,excellent quality would buy again,24,1824,36957.0,US,free
2,2024-01-10 18:10:46,0,27.46,coffee maker,excellent quality would buy again,63,1677,58531.02,DE,premium
2,2024-01-10 18:12:16,1,36.81,wireless earbuds,great product fast shipping,56,187,82227.31,UK,basic
2,2024-01-10 18:53:06,1,23.58,laptop stand,amazing value highly recommend,39,1298,88265.76,DE,premium
2,2024-01-10 19:02:36,1,60.3,laptop stand,arrived damaged poor packaging,55,664,99348.88,AU,premium
2,2024-01-10 19:24:28,1,95.59,coffee maker,not worth the price disappointed,57,1505,46097.85,CA,free
2,2024-01-10 20:33:31,0,31.99,water bottle,amazing value highly recommend,68,134,51697.18,FR,premium
2,2024-01-10 22:12:10,1,111.4,laptop stand,not worth the price disappointed,19,103,59874.57,IN,premium
3,2024-02-19 00:32:50,0,17.42,coffee maker,arrived damaged poor packaging,42,202,67196.58,UK,free
3,2024-02-19 01:33:32,0,11.02,backpack,excellent quality would buy again,44,286,38523.83,US,basic
3,2024-02-19 01:59:07,0,20.03,coffee maker,works as expected average experience,26,1736,61023.27,US,basic
3,2024-02-19 03:38:09,1,51.47,coffee maker,perfect fit very comfortable,23,784,26055.59,IN,free
3,2024-02-19 03:51:52,0,17.23,laptop stand,amazing value highly recommend,24,1943,56595.97,UK,free
3,2024-02-19 06:24:26,0,37.7,wireless earbuds,stopped working after a week,51,942,74119.16,IN,free
3,2024-02-19 06:37:13,0,18.49,bluetooth speaker,works as expected average experience,60,1052,44863.66,UK,free
3,2024-02-19 07:04:26,1,7.97,backpack,stopped working after a week,29,1746,97501.44,AU,free
3,2024-02-19 07:57:27,0,9.3,desk lamp,perfect fit very comfortable,36,1645,60250.89,IN,basic
3,2024-02-19 08:19:29,0,30.45,backpack,great product fast shipping,34,1111,58786.93,IN,premium
3,2024-02-19 10:02:08,0,9.45,bluetooth speaker,stopped working after a week,44,1728,40093.9,US,free
3,2024-02-19 10:35:16,0,24.2,running shoes,not worth the price disappointed,45,1629,22984.45,IN,enterprise
3,2024-02-19 10:43:44,1,40.03,laptop stand,perfect fit very comfortable,58,1345,69500.18,DE,premium
3,2024-02-19 11:12:38,1,20.79,backpack,perfect fit very comfortable,44,391,49482.67,FR,premium
3,2024-02-19 11:21:49,0,19.93,phone case,works as expected average experience,44,1629,43128.25,FR,free
3,2024-02-19 11:34:31,0,18.55,running shoes,works as expected average experience,65,1988,82738.51,AU,premium
3,2024-02-19 11:40:47,1,61.39,yoga mat,not worth the price disappointed,55,509,85191.0,AU,premium
3,2024-02-19 11:46:37,0,29.47,yoga mat,arrived damaged poor packaging,48,1483,68021.56,UK,basic
3,2024-02-19 12:29:46,0,27.77,yoga mat,not worth the price disappointed,40,1390,35620.93,US,enterprise
3,2024-02-19 13:00:49,0,15.61,water bottle,perfect fit very comfortable,31,1579,68624.51,DE,free
3,2024-02-19 13:04:48,0,33.79,running shoes,stopped working after a week,46,259,43614.3,AU,free
3,2024-02-19 13:43:17,1,13.23,bluetooth speaker,great product fast shipping,57,1634,53011.56,FR,premium
3,2024-02-19 13:56:43,1,64.84,phone case,amazing value highly recommend,45,1424,53952.5,UK,basic
3,2024-02-19 14:10:55,1,27.4,wireless earbuds,works as expected average experience,29,1456,58853.97,UK,free
3,2024-02-19 14:41:55,1,98.6,laptop stand,works as expected average experience,33,744,90790.36,FR,basic
3,2024-02-19 16:06:25,1,63.26,coffee maker,amazing value highly recommend,25,207,57155.67,UK,free
3,2024-02-19 18:47:08,1,24.72,wireless earbuds,not worth the price disappointed,33,946,71067.23,UK,premium
3,2024-02-19 19:22:56,0,13.06,backpack,excellent quality would buy again,30,1997,49865.04,CA,free
3,2024-02-19 20:23:40,1,43.52,coffee maker,not worth the price disappointed,49,697,55148.81,FR,basic
3,2024-02-19 22:30:28,1,37.04,water bottle,works as expected average experience,28,1762,47574.38,AU,premium
3,2024-02-19 22:53:25,1,59.37,yoga mat,stopped working after a week,20,1524,22080.69,AU,premium
3,2024-02-19 23:00:19,0,45.44,phone case,not worth the price disappointed,61,1991,122257.64,CA,free
3,2024-02-19 23:45:08,0,26.88,water bottle,stopped working after a week,67,1390,63205.41,DE,basic
4,2024-02-07 00:14:16,0,5.63,bluetooth speaker,not worth the price disappointed,62,231,47544.44,AU,premium
4,2024-02-07 00:31:07,0,12.06,backpack,excellent quality would buy again,57,254,46756.59,AU,basic
4,2024-02-07 00:53:52,0,10.62,running shoes,perfect fit very comfortable,20,1665,34763.03,FR,basic
4,2024-02-07 02:35:08,1,40.08,laptop stand,amazing value highly recommend,63,1032,45925.14,FR,free
4,2024-02-07 02:36:20,1,9.05,phone case,great product fast shipping,19,1329,65587.54,US,enterprise
4,2024-02-07 02:51:10,0,15.06,water bottle,amazing value highly recommend,58,1784,75651.87,CA,free
4,2024-02-07 03:21:57,1,29.3,wireless earbuds,excellent quality would buy again,59,1053,65725.92,DE,free
4,2024-02-07 03:23:25,0,25.79,yoga mat,amazing value highly recommend,55,753,69327.25,DE,basic
4,2024-02-07 05:31:30,1,81.95,backpack,not worth the price disappointed,37,1419,60103.5,AU,premium
4,2024-02-07 05:40:29,1,91.07,bluetooth speaker,arrived damaged poor packaging,51,1551,59661.86,US,premium
4,2024-02-07 05:51:10,0,10.92,bluetooth speaker,stopped working after a week,65,1605,48252.45,CA,enterprise
4,2024-02-07 06:44:58,1,23.0,backpack,arrived damaged poor packaging,42,845,31004.15,FR,basic
4,2024-02-07 06:49:45,0,10.35,coffee maker,perfect fit very comfortable,40,365,70523.43,DE,basic
4,2024-02-07 07:15:08,1,51.43,phone case,works as expected average experience,58,1224,48302.98,CA,premium
4,2024-02-07 07:34:35,0,30.1,water bottle,excellent quality would buy again,44,1052,27181.67,AU,free
4,2024-02-07 07:41:46,1,42.81,coffee maker,works as expected average experience,37,1242,70335.6,FR,premium
4,2024-02-07 08:43:41,1,33.9,wireless earbuds,excellent quality would buy again,35,1798,66603.3,CA,basic
4,2024-02-07 10:32:01,0,32.77,water bottle,not worth the price disappointed,27,290,75328.06,AU,basic
4,2024-02-07 13:01:40,0,85.77,phone case,excellent quality would buy again,53,1331,39248.48,FR,basic
4,2024-02-07 13:17:48,0,18.87,yoga mat,amazing value highly recommend,56,1817,33990.5,DE,free
4,2024-02-07 13:18:59,1,98.15,bluetooth speaker,stopped working after a week,56,153,73745.42,US,free
4,2024-02-07 14:45:05,1,117.0,desk lamp,works as expected average experience,57,698,46718.41,CA,premium
4,2024-02-07 15:49:34,0,10.72,coffee maker,works as expected average experience,48,1222,46177.92,FR,basic
4,2024-02-07 15:59:01,0,5.08,laptop stand,amazing value highly recommend,49,1155,40482.6,UK,basic
4,2024-02-07 16:08:01,1,70.4,yoga mat,works as expected average experience,32,810,55030.11,DE,free
4,2024-02-07 17:26:52,0,18.47,phone case,amazing value highly recommend,65,1527,75637.39,CA,basic
4,2024-02-07 17:31:37,0,28.82,yoga mat,stopped working after a week,46,1379,55988.97,US,free
4,2024-02-07 18:26:51,1,47.56,coffee maker,excellent quality would buy again,37,1141,59839.98,DE,free
4,2024-02-07 19:49:51,1,75.42,desk lamp,perfect fit very comfortable,26,1550,66424.67,AU,basic
4,2024-02-07 21:30:28,1,43.67,backpack,arrived damaged poor packaging,58,1262,38461.84,FR,free
4,2024-02-07 21:59:03,0,14.1,desk lamp,works as expected average experience,26,1461,56752.63,CA,premium
4,2024-02-07 22:31:48,0,44.81,running shoes,arrived damaged poor packaging,42,1479,30782.2,FR,basic
4,2024-02-07 23:24:13,0,31.69,running shoes,excellent quality would buy again,43,1761,55308.73,AU,free
5,2024-02-12 00:31:50,0,10.04,bluetooth speaker,perfect fit very comfortable,59,708,60716.7,FR,premium
5,2024-02-12 01:04:40,1,118.2,desk lamp,not worth the price disappointed,29,837,43347.7,DE,free
5,2024-02-12 02:10:56,1,41.53,running shoes,works as expected average experience,47,256,65837.21,FR,premium
5,2024-02-12 02:47:00,0,10.21,water bottle,works as expected average experience,68,963,59768.88,UK,basic
5,2024-02-12 03:38:13,1,37.22,backpack,excellent quality would buy again,46,974,56803.58,UK,premium
5,2024-02-12 03:57:02,1,81.91,wireless earbuds,stopped working after a week,49,720,45855.39,AU,premium
5,2024-02-12 04:20:12,1,38.63,coffee maker,arrived damaged poor packaging,44,688,51626.25,IN,free
5,2024-02-12 04:51:56,1,19.25,backpack,not worth the price disappointed,66,1030,51952.46,DE,premium
5,2024-02-12 05:21:43,0,33.34,phone case,not worth the price disappointed,32,1007,42027.16,UK,free
5,2024-02-12 06:08:35,0,34.37,running shoes,excellent quality would buy again,33,621,37429.12,IN,free
5,2024-02-12 06:58:55,0,7.99,yoga mat,great product fast shipping,18,1061,48060.79,US,premium
5,2024-02-12 07:10:16,1,44.7,laptop stand,stopped working after a week,36,1024,117913.16,AU,premium
5,2024-02-12 07:26:20,1,27.82,yoga mat,not worth the price disappointed,50,1636,47091.09,CA,free
5,2024-02-12 07:34:56,1,55.63,desk lamp,excellent quality would buy again,64,518,41958.84,US,basic
5,2024-02-12 07:36:40,1,35.26,water bottle,arrived damaged poor packaging,45,1367,60630.44,IN,premium
5,2024-02-12 08:03:14,0,30.1,phone case,excellent quality would buy again,23,1050,51387.92,DE,free
5,2024-02-12 08:54:07,1,38.71,wireless earbuds,perfect fit very comfortable,25,1517,29057.9,US,premium
5,2024-02-12 10:26:32,1,78.44,phone case,works as expected average experience,48,1400,37430.69,IN,basic
5,2024-02-12 11:02:26,1,41.7,coffee maker,great product fast shipping,66,1563,32839.58,IN,basic
5,2024-02-12 11:16:08,0,4.8,water bottle,stopped working after a week,59,1465,57080.73,CA,basic
5,2024-02-12 12:21:40,1,18.03,bluetooth speaker,arrived damaged poor packaging,44,1593,42743.13,CA,premium
5,2024-02-12 12:27:09,1,49.52,wireless earbuds,stopped working after a week,34,1382,68909.29,UK,premium
5,2024-02-12 12:47:44,0,5.08,wireless earbuds,not worth the price disappointed,30,649,42270.22,US,basic
5,2024-02-12 13:07:23,0,49.72,backpack,amazing value highly recommend,29,695,52319.74,FR,free
5,2024-02-12 14:55:28,0,42.91,yoga mat,arrived damaged poor packaging,53,1219,58732.29,AU,basic
5,2024-02-12 15:14:09,0,340.83,bluetooth speaker,not worth the price disappointed,33,998,55437.56,FR,basic
5,2024-02-12 15:52:47,1,84.41,water bottle,works as expected average experience,37,1589,92094.91,AU,enterprise
5,2024-02-12 17:57:59,1,78.86,wireless earbuds,not worth the price disappointed,25,372,35649.36,AU,basic
5,2024-02-12 18:31:41,1,34.56,desk lamp,great product fast shipping,61,1065,74848.8,DE,enterprise
5,2024-02-12 19:23:52,0,27.06,wireless earbuds,not worth the price disappointed,58,177,43215.38,CA,free
5,2024-02-12 19:54:53,0,24.36,wireless earbuds,amazing value highly recommend,31,1042,52472.37,FR,free
5,2024-02-12 20:17:43,1,8.07,wireless earbuds,stopped working after a week,25,923,67384.58,US,basic
5,2024-02-12 21:22:44,1,72.17,backpack,works as expected average experience,30,751,45531.66,CA,free
5,2024-02-12 21:24:00,1,32.67,phone case,works as expected average experience,27,1450,30242.6,FR,basic
5,2024-02-12 21:26:33,1,28.13,backpack,stopped working after a week,19,342,86095.1,AU,basic
5,2024-02-12 21:43:57,1,52.56,bluetooth speaker,arrived damaged poor packaging,32,519,37029.95,IN,basic
5,2024-02-12 22:27:54,1,84.81,desk lamp,great product fast shipping,27,427,49344.85,AU,premium
5,2024-02-12 22:52:10,1,50.69,coffee maker,arrived damaged poor packaging,18,1441,27556.01,UK,free
5,2024-02-12 23:07:01,1,32.01,running shoes,great product fast shipping,67,1298,29933.12,IN,premium
5,2024-02-12 23:15:53,0,12.48,wireless earbuds,excellent quality would buy again,31,626,40324.31,DE,free
5,2024-02-12 23:47:35,1,60.92,wireless earbuds,arrived damaged poor packaging,51,855,40604.75,DE,free
5,2024-02-12 23:49:01,1,17.04,coffee maker,stopped working after a week,37,1695,155258.84,US,enterprise
6,2024-01-06 00:07:38,1,45.19,desk lamp,not worth the price disappointed,34,1254,55170.68,UK,free
6,2024-01-06 00:45:57,1,223.53,backpack,excellent quality would buy again,41,1820,51974.25,US,premium
6,2024-01-06 01:04:29,1,36.9,running shoes,excellent quality would buy again,53,1236,50303.45,US,premium
6,2024-01-06 01:37:24,0,30.5,coffee maker,not worth the price disappointed,32,1776,91743.6,FR,free
6,2024-01-06 02:16:01,1,91.68,bluetooth speaker,stopped working after a week,47,617,51432.88,IN,free
6,2024-01-06 02:56:46,0,13.73,water bottle,perfect fit very comfortable,20,1751,30378.05,IN,free
6,2024-01-06 03:40:43,0,18.97,bluetooth speaker,not worth the price disappointed,63,962,43482.67,DE,free
6,2024-01-06 04:18:08,1,33.17,running shoes,stopped working after a week,65,420,84155.4,UK,premium
6,2024-01-06 04:42:51,1,47.47,water bottle,not worth the price disappointed,37,563,45863.37,FR,free
6,2024-01-06 05:46:59,0,36.7,bluetooth speaker,works as expected average experience,33,219,61826.62,UK,enterprise
6,2024-01-06 06:17:56,0,9.45,wireless earbuds,stopped working after a week,30,1317,42377.39,IN,premium
6,2024-01-06 08:48:46,1,41.49,bluetooth speaker,excellent quality would buy again,47,567,79627.56,FR,basic
6,2024-01-06 08:58:04,0,19.0,running shoes,not worth the price disappointed,47,1351,52796.17,CA,free
6,2024-01-06 09:07:11,0,27.41,phone case,works as expected average experience,37,688,52966.52,FR,basic
6,2024-01-06 09:50:43,1,28.71,backpack,works as expected average experience,56,798,66017.2,DE,premium
6,2024-01-06 14:23:06,1,18.94,backpack,amazing value highly recommend,23,772,57270.31,US,free
6,2024-01-06 17:16:41,0,30.83,backpack,works as expected average experience,65,1879,47210.66,US,basic
6,2024-01-06 17:40:43,1,50.86,desk lamp,perfect fit very comfortable,59,1651,31636.49,DE,premium
6,2024-01-06 17:55:18,1,39.61,coffee maker,arrived damaged poor packaging,53,178,41318.1,AU,enterprise
6,2024-01-06 17:55:22,0,24.32,coffee maker,amazing value highly recommend,61,685,47499.51,UK,basic
6,2024-01-06 19:56:48,0,139.58,water bottle,amazing value highly recommend,34,1039,46645.8,FR,free
6,2024-01-06 20:59:22,1,9.22,water bottle,perfect fit very comfortable,41,685,60881.91,AU,basic
6,2024-01-06 21:16:15,0,22.08,coffee maker,not worth the price disappointed,18,1770,53531.22,CA,free
6,2024-01-06 21:24:21,1,85.89,yoga mat,not worth the price disappointed,25,1772,47652.47,CA,basic
6,2024-01-06 22:29:00,0,8.1,bluetooth speaker,perfect fit very comfortable,33,1112,49387.75,DE,basic
6,2024-01-06 22:44:43,1,60.43,backpack,great product fast shipping,36,485,64266.4,DE,premium
7,2024-01-19 00:20:04,1,55.27,bluetooth speaker,not worth the price disappointed,51,227,69946.21,FR,basic
7,2024-01-19 00:25:51,0,21.59,laptop stand,arrived damaged poor packaging,30,1698,45896.77,DE,free
7,2024-01-19 00:36:08,1,40.02,desk lamp,not worth the price disappointed,36,908,33028.5,DE,premium
7,2024-01-19 02:01:31,0,23.04,coffee maker,works as expected average experience,28,1873,42386.18,IN,free
7,2024-01-19 02:55:26,0,21.64,phone case,amazing value highly recommend,25,76,65930.58,AU,free
7,2024-01-19 02:58:12,1,5.36,desk lamp,excellent quality would buy again,25,90,47582.33,IN,premium
7,2024-01-19 03:08:43,0,29.04,water bottle,perfect fit very comfortable,27,1215,28358.12,AU,basic
7,2024-01-19 03:09:49,0,66.58,desk lamp,stopped working after a week,45,1989,40146.72,UK,free
7,2024-01-19 03:27:12,1,88.48,laptop stand,works as expected average experience,68,462,40736.36,DE,free
7,2024-01-19 04:10:57,0,21.53,bluetooth speaker,not worth the price disappointed,64,1922,34920.58,IN,free
7,2024-01-19 04:47:40,0,22.32,running shoes,great product fast shipping,39,1175,38458.83,US,enterprise
7,2024-01-19 05:30:42,1,40.38,desk lamp,not worth the price disappointed,52,1577,38383.36,US,premium
7,2024-01-19 06:42:11,0,29.57,backpack,works as expected average experience,35,1370,76068.74,UK,premium
7,2024-01-19 06:43:55,0,27.61,laptop stand,perfect fit very comfortable,43,1297,55178.96,DE,premium
7,2024-01-19 07:07:00,1,12.19,coffee maker,stopped working after a week,52,1923,63489.58,CA,premium
7,2024-01-19 07:26:51,0,9.1,backpack,excellent quality would buy again,43,1147,42007.14,IN,free
7,2024-01-19 07:41:24,0,18.53,backpack,stopped working after a week,56,237,60538.06,AU,free
7,2024-01-19 10:00:31,1,13.43,desk lamp,works as expected average experience,55,1688,64066.8,AU,free
7,2024-01-19 10:24:31,0,21.54,bluetooth speaker,excellent quality would buy again,47,1754,40118.85,UK,free
7,2024-01-19 10:24:43,0,20.81,desk lamp,stopped working after a week,62,1153,43044.98,AU,premium
7,2024-01-19 11:59:00,0,9.97,water bottle,stopped working after a week,24,1417,62852.61,IN,basic
7,2024-01-19 12:01:04,0,14.58,bluetooth speaker,amazing value highly recommend,61,1884,35695.9,UK,basic
7,2024-01-19 12:09:06,0,45.98,bluetooth speaker,amazing value highly recommend,48,524,59167.96,FR,free
7,2024-01-19 13:56:48,1,38.97,laptop stand,arrived damaged poor packaging,60,1646,76992.78,AU,free
7,2024-01-19 16:15:49,0,9.41,laptop stand,great product fast shipping,35,1731,34399.24,FR,free
7,2024-01-19 16:39:44,1,221.34,running shoes,amazing value highly recommend,20,115,40801.26,US,premium
7,2024-01-19 17:10:11,0,151.76,yoga mat,not worth the price disappointed,35,1122,52165.57,AU,basic
7,2024-01-19 17:44:08,1,40.77,yoga mat,excellent quality would buy again,68,527,35123.02,IN,free
7,2024-01-19 18:23:18,0,8.25,backpack,great product fast shipping,54,1257,36855.52,AU,premium
7,2024-01-19 18:39:27,1,44.33,desk lamp,stopped working after a week,46,940,52652.94,FR,enterprise
7,2024-01-19 19:17:56,1,5.15,laptop stand,stopped working after a week,39,1042,44132.85,UK,premium
7,2024-01-19 19:49:22,1,75.18,desk lamp,perfect fit very comfortable,52,956,29211.09,CA,basic
7,2024-01-19 20:44:36,1,37.08,yoga mat,great product fast shipping,51,1332,49708.99,CA,free
7,2024-01-19 22:15:36,0,22.81,backpack,excellent quality would buy again,34,870,50299.79,IN,basic
7,2024-01-19 22:25:29,0,19.85,backpack,not worth the price disappointed,49,1423,33684.12,FR,free
7,2024-01-19 23:15:48,0,10.96,bluetooth speaker,arrived damaged poor packaging,53,227,65613.25,US,free
7,2024-01-19 23:19:25,0,26.46,phone case,great product fast shipping,19,1781,39470.23,IN,free
7,2024-01-19 23:57:09,1,73.03,coffee maker,not worth the price disappointed,32,326,53545.79,DE,free
8,2024-02-16 00:09:22,1,24.27,phone case,stopped working after a week,41,1105,56921.73,CA,premium
8,2024-02-16 00:35:47,1,34.12,backpack,perfect fit very comfortable,43,1285,87843.59,CA,basic
8,2024-02-16 01:56:27,1,14.73,coffee maker,not worth the price disappointed,36,1397,47909.0,US,premium
8,2024-02-16 02:32:29,1,68.83,coffee maker,great product fast shipping,30,335,56787.42,DE,basic
8,2024-02-16 03:10:23,1,53.79,wireless earbuds,perfect fit very comfortable,64,1171,51018.38,UK,basic
8,2024-02-16 03:22:05,1,28.46,backpack,perfect fit very comfortable,61,356,33105.12,AU,basic
8,2024-02-16 03:33:25,1,27.9,yoga mat,excellent quality would buy again,37,1166,44294.57,DE,free
8,2024-02-16 06:52:28,1,35.8,wireless earbuds,perfect fit very comfortable,51,282,33093.16,CA,basic
8,2024-02-16 07:13:21,0,21.7,desk lamp,great product fast shipping,69,1355,37216.55,CA,basic
8,2024-02-16 07:31:46,0,19.49,laptop stand,great product fast shipping,66,953,67601.23,UK,free
8,2024-02-16 09:32:30,1,36.65,water bottle,perfect fit very comfortable,52,1476,59988.6,UK,free
8,2024-02-16 10:03:31,1,36.2,desk lamp,perfect fit very comfortable,68,971,30966.04,DE,premium
8,2024-02-16 11:43:33,0,11.35,water bottle,not worth the price disappointed,30,684,31510.12,AU,free
8,2024-02-16 11:58:47,1,35.11,desk lamp,perfect fit very comfortable,66,1225,73841.34,IN,free
8,2024-02-16 12:12:03,1,76.54,desk lamp,amazing value highly recommend,22,759,59207.5,DE,basic
8,2024-02-16 12:30:16,1,81.6,phone case,amazing value highly recommend,18,274,71103.14,CA,basic
8,2024-02-16 13:19:29,1,32.31,bluetooth speaker,great product fast shipping,52,600,93266.01,AU,premium
8,2024-02-16 13:36:53,1,55.3,yoga mat,perfect fit very comfortable,48,596,36085.44,IN,enterprise
8,2024-02-16 14:19:35,1,30.79,phone case,works as expected average experience,23,1129,49735.69,DE,free
8,2024-02-16 15:12:55,0,10.45,bluetooth speaker,works as expected average experience,45,265,72010.6,US,enterprise
8,2024-02-16 15:54:31,0,10.82,laptop stand,arrived damaged poor packaging,65,1657,35312.69,AU,free
8,2024-02-16 17:21:35,0,11.08,yoga mat,arrived damaged poor packaging,51,181,21599.11,FR,free
8,2024-02-16 17:58:18,1,17.19,running shoes,excellent quality would buy again,40,248,57718.72,US,premium
8,2024-02-16 20:10:44,0,21.91,running shoes,great product fast shipping,64,961,35250.56,US,premium
8,2024-02-16 22:11:43,0,21.68,running shoes,stopped working after a week,20,414,56012.34,CA,basic
8,2024-02-16 22:15:41,0,30.25,running shoes,excellent quality would buy again,26,1302,61559.46,FR,enterprise
8,2024-02-16 22:56:05,1,154.22,yoga mat,stopped working after a week,32,1439,43544.58,CA,premium
8,2024-02-16 23:02:48,0,15.6,laptop stand,works as expected average experience,21,454,38668.5,DE,basic
8,2024-02-16 23:21:17,0,20.76,desk lamp,amazing value highly recommend,69,1982,45980.89,IN,basic
9,2024-02-19 00:25:41,0,21.06,water bottle,excellent quality would buy again,58,1576,50285.51,UK,basic
9,2024-02-19 02:37:10,1,54.76,desk lamp,great product fast shipping,23,1920,72836.68,CA,basic
9,2024-02-19 03:58:59,0,49.66,coffee maker,not worth the price disappointed,63,896,41131.85,DE,basic
9,2024-02-19 04:21:18,0,56.66,water bottle,stopped working after a week,63,71,41524.33,US,basic
9,2024-02-19 05:35:00,0,17.78,bluetooth speaker,arrived damaged poor packaging,45,543,94077.32,US,free
9,2024-02-19 06:00:44,1,14.52,desk lamp,great product fast shipping,57,779,56806.88,US,premium
9,2024-02-19 06:54:37,0,130.05,backpack,works as expected average experience,57,733,42315.54,CA,premium
9,2024-02-19 08:01:18,0,20.0,yoga mat,amazing value highly recommend,63,973,57820.3,UK,basic
9,2024-02-19 10:22:11,0,22.34,bluetooth speaker,arrived damaged poor packaging,38,433,44041.89,CA,free
9,2024-02-19 11:06:43,1,12.92,coffee maker,amazing value highly recommend,69,795,60814.44,FR,free
9,2024-02-19 11:13:01,1,67.65,wireless earbuds,works as expected average experience,62,643,88082.2,US,free
9,2024-02-19 12:44:18,1,14.21,phone case,amazing value highly recommend,62,341,59767.94,CA,premium
9,2024-02-19 14:18:18,1,11.59,backpack,stopped working after a week,51,377,34921.8,CA,premium
9,2024-02-19 14:32:39,1,29.51,bluetooth speaker,works as expected average experience,69,1690,29397.3,AU,premium
9,2024-02-19 15:13:23,0,17.82,bluetooth speaker,great product fast shipping,50,452,38109.11,US,free
9,2024-02-19 15:55:31,1,79.79,coffee maker,not worth the price disappointed,27,1433,74167.91,UK,basic
9,2024-02-19 17:43:11,0,20.87,backpack,perfect fit very comfortable,55,1966,47314.65,DE,basic
9,2024-02-19 18:21:48,0,14.27,backpack,perfect fit very comfortable,29,1491,62022.61,AU,free
9,2024-02-19 18:50:03,1,20.18,laptop stand,perfect fit very comfortable,32,470,79777.88,US,enterprise
9,2024-02-19 19:07:24,0,35.03,wireless earbuds,arrived damaged poor packaging,45,112,40579.62,AU,premium
9,2024-02-19 19:18:16,1,42.57,yoga mat,great product fast shipping,30,583,50804.07,UK,premium
9,2024-02-19 19:54:22,1,203.18,backpack,perfect fit very comfortable,32,1000,59532.31,US,enterprise
9,2024-02-19 20:19:39,1,19.59,coffee maker,works as expected average experience,35,1004,34049.35,CA,basic
9,2024-02-19 22:23:33,1,17.82,desk lamp,amazing value highly recommend,59,1433,34960.2,US,basic
9,2024-02-19 22:23:50,0,12.51,bluetooth speaker,amazing value highly recommend,56,1922,57588.53,IN,free
9,2024-02-19 23:11:22,1,107.98,coffee maker,excellent quality would buy again,41,1226,67323.21,DE,premium
10,2024-01-27 01:35:50,1,26.03,wireless earbuds,perfect fit very comfortable,39,302,51914.75,DE,enterprise
10,2024-01-27 02:31:36,0,32.91,bluetooth speaker,amazing value highly recommend,38,83,49867.68,US,premium
10,2024-01-27 02:43:46,0,11.27,backpack,great product fast shipping,29,1072,49760.1,CA,free
10,2024-01-27 02:51:12,1,11.75,phone case,great product fast shipping,69,663,73379.79,CA,premium
10,2024-01-27 03:30:29,0,29.42,wireless earbuds,arrived damaged poor packaging,57,945,48258.87,US,free
10,2024-01-27 04:36:54,0,21.1,desk lamp,excellent quality would buy again,24,557,42041.09,US,free
10,2024-01-27 05:40:47,0,87.38,backpack,perfect fit very comfortable,50,1072,45815.39,US,free
10,2024-01-27 05:56:53,0,15.08,laptop stand,stopped working after a week,41,1686,91262.41,US,premium
10,2024-01-27 06:26:54,1,57.41,phone case,excellent quality would buy again,58,911,36394.39,AU,basic
10,2024-01-27 06:34:40,1,63.27,laptop stand,not worth the price disappointed,41,617,84031.59,FR,basic
10,2024-01-27 06:57:23,1,23.08,backpack,great product fast shipping,18,1700,44862.54,FR,premium
10,2024-01-27 07:26:52,1,47.18,desk lamp,not worth the price disappointed,48,1281,37961.84,CA,premium
10,2024-01-27 07:38:57,0,32.08,desk lamp,great product fast shipping,57,1130,25973.53,CA,basic
10,2024-01-27 08:35:19,1,25.49,water bottle,excellent quality would buy again,38,1654,47027.81,IN,basic
10,2024-01-27 08:58:49,1,129.65,water bottle,arrived damaged poor packaging,42,1049,35182.82,DE,premium
10,2024-01-27 09:54:06,1,35.08,bluetooth speaker,stopped working after a week,36,1189,37833.08,IN,basic
10,2024-01-27 10:13:16,1,41.99,yoga mat,amazing value highly recommend,43,1699,75899.72,UK,premium
10,2024-01-27 10:53:36,0,35.74,yoga mat,stopped working after a week,18,259,39649.54,CA,free
10,2024-01-27 11:24:36,0,7.53,bluetooth speaker,not worth the price disappointed,62,1570,39751.81,UK,free
10,2024-01-27 12:44:39,0,4.72,yoga mat,perfect fit very comfortable,53,310,70822.29,AU,basic
10,2024-01-27 14:15:59,0,25.52,wireless earbuds,perfect fit very comfortable,27,1601,40363.85,AU,basic
10,2024-01-27 14:28:28,1,313.45,running shoes,great product fast shipping,32,1933,104472.55,DE,premium
10,2024-01-27 15:38:46,0,39.19,desk lamp,stopped working after a week,62,84,28380.03,IN,basic
10,2024-01-27 17:54:15,1,9.27,laptop stand,not worth the price disappointed,41,150,36312.92,IN,basic
10,2024-01-27 18:04:49,0,15.89,laptop stand,not worth the price disappointed,18,261,39876.38,DE,free
10,2024-01-27 19:35:51,1,74.62,coffee maker,excellent quality would buy again,24,1671,45309.77,CA,premium
10,2024-01-27 19:47:30,0,23.23,laptop stand,works as expected average experience,34,1766,54906.05,US,free
10,2024-01-27 20:10:49,1,42.15,desk lamp,stopped working after a week,18,435,53884.77,FR,premium
10,2024-01-27 20:49:11,1,106.69,bluetooth speaker,great product fast shipping,58,1560,42669.38,FR,basic
10,2024-01-27 20:49:32,1,64.96,running shoes,excellent quality would buy again,23,197,34342.34,US,free
10,2024-01-27 21:09:33,1,41.23,water bottle,not worth the price disappointed,59,1414,50258.89,FR,basic
10,2024-01-27 22:14:07,1,81.09,yoga mat,works as expected average experience,19,1085,41915.18,UK,basic
10,2024-01-27 23:01:09,0,8.79,wireless earbuds,works as expected average experience,41,1094,44991.39,AU,free
10,2024-01-27 23:06:09,0,13.5,phone case,arrived damaged poor packaging,22,1408,59301.88,DE,free
10,2024-01-27 23:52:11,0,80.43,backpack,excellent quality would buy again,58,1922,56163.3,CA,free
11,2024-02-18 00:30:27,0,22.88,yoga mat,arrived damaged poor packaging,33,566,81827.96,CA,basic
11,2024-02-18 01:02:36,1,26.92,backpack,great product fast shipping,30,1136,59556.68,AU,free
11,2024-02-18 01:16:52,1,61.28,wireless earbuds,stopped working after a week,22,1601,34096.91,CA,free
11,2024-02-18 01:19:46,1,69.83,yoga mat,works as expected average experience,57,550,77781.88,DE,free
11,2024-02-18 02:46:18,1,32.93,desk lamp,great product fast shipping,40,1072,20010.84,CA,premium
11,2024-02-18 03:27:10,0,23.86,water bottle,amazing value highly recommend,44,1258,36328.57,FR,free
11,2024-02-18 03:41:12,0,6.83,yoga mat,perfect fit very comfortable,33,236,35314.43,CA,premium
11,2024-02-18 03:44:26,1,34.18,laptop stand,stopped working after a week,48,1447,48750.82,CA,premium
11,2024-02-18 03:58:21,0,33.1,desk lamp,stopped working after a week,24,293,41393.09,AU,free
11,2024-02-18 04:11:29,1,26.88,yoga mat,works as expected average experience,30,1201,62040.68,IN,enterprise
11,2024-02-18 04:21:21,0,16.11,phone case,stopped working after a week,46,363,76908.22,IN,free
11,2024-02-18 04:40:32,1,48.77,backpack,perfect fit very comfortable,68,1128,79674.31,US,basic
11,2024-02-18 05:28:25,1,66.9,running shoes,not worth the price disappointed,51,1467,60915.9,UK,free
11,2024-02-18 05:40:54,1,33.41,laptop stand,arrived damaged poor packaging,58,1644,59061.85,AU,premium
11,2024-02-18 05:59:07,0,10.0,backpack,works as expected average experience,34,1640,79203.74,UK,free
11,2024-02-18 06:49:59,1,71.42,bluetooth speaker,excellent quality would buy again,23,1923,32037.47,US,enterprise
11,2024-02-18 07:37:54,1,27.63,wireless earbuds,works as expected average experience,56,947,88773.38,CA,premium
11,2024-02-18 09:26:49,1,115.24,water bottle,not worth the price disappointed,62,607,46403.16,DE,basic
11,2024-02-18 10:18:08,1,88.0,yoga mat,perfect fit very comfortable,46,1768,73230.01,AU,free
11,2024-02-18 10:56:08,1,41.22,running shoes,works as expected average experience,51,1120,44485.06,DE,basic
11,2024-02-18 11:50:02,1,108.05,bluetooth speaker,not worth the price disappointed,69,969,25588.92,DE,enterprise
11,2024-02-18 12:06:31,1,34.67,phone case,amazing value highly recommend,47,48,41367.49,DE,free
11,2024-02-18 12:23:02,0,16.38,water bottle,works as expected average experience,67,1597,117349.04,US,premium
11,2024-02-18 12:52:34,0,39.48,wireless earbuds,arrived damaged poor packaging,61,642,49927.55,IN,free
11,2024-02-18 12:58:00,1,37.95,laptop stand,great product fast shipping,62,1117,33030.9,US,basic
11,2024-02-18 13:42:34,1,6.49,laptop stand,arrived damaged poor packaging,52,1758,23312.08,DE,basic
11,2024-02-18 13:51:28,0,6.94,phone case,perfect fit very comfortable,29,1147,46192.1,UK,premium
11,2024-02-18 14:11:14,1,55.46,water bottle,works as expected average experience,39,1561,50141.22,IN,premium
11,2024-02-18 14:21:55,1,48.5,backpack,perfect fit very comfortable,68,1540,52149.47,IN,enterprise
11,2024-02-18 15:25:17,0,11.61,laptop stand,amazing value highly recommend,49,1298,47254.35,CA,basic
11,2024-02-18 16:20:13,1,56.77,backpack,great product fast shipping,58,1741,43140.42,UK,free
11,2024-02-18 17:01:00,1,56.34,desk lamp,amazing value highly recommend,50,1263,65554.64,CA,enterprise
11,2024-02-18 17:39:51,0,13.55,running shoes,excellent quality would buy again,20,303,34147.93,US,free
11,2024-02-18 19:01:25,1,52.61,water bottle,excellent quality would buy again,68,1649,61912.25,IN,basic
11,2024-02-18 19:16:27,1,65.92,wireless earbuds,amazing value highly recommend,66,507,97783.74,US,basic
11,2024-02-18 19:52:38,1,16.43,coffee maker,excellent quality would buy again,39,1080,78246.31,CA,premium
11,2024-02-18 19:56:37,0,6.13,bluetooth speaker,amazing value highly recommend,56,1302,41835.31,CA,free
11,2024-02-18 20:25:37,1,35.53,wireless earbuds,excellent quality would buy again,53,625,45760.66,AU,basic
11,2024-02-18 21:00:00,1,46.14,running shoes,works as expected average experience,55,1501,31873.16,US,basic
11,2024-02-18 21:20:19,0,20.7,running shoes,great product fast shipping,53,1015,43382.74,AU,basic
11,2024-02-18 21:57:59,1,35.65,backpack,perfect fit very comfortable,62,1172,86700.88,US,premium
11,2024-02-18 22:06:11,1,7.12,yoga mat,stopped working after a week,63,605,49345.49,DE,basic
11,2024-02-18 22:09:38,0,25.96,running shoes,works as expected average experience,58,298,44445.78,IN,premium
11,2024-02-18 23:37:34,1,60.21,wireless earbuds,great product fast shipping,19,1413,34268.01,DE,enterprise
12,2024-02-20 00:10:11,0,19.82,backpack,works as expected average experience,23,1291,43202.06,AU,free
12,2024-02-20 01:10:55,0,56.21,laptop stand,excellent quality would buy again,44,1985,51617.79,AU,free
12,2024-02-20 01:14:49,0,10.83,phone case,perfect fit very comfortable,37,1118,42014.81,IN,free
12,2024-02-20 02:14:22,1,28.94,desk lamp,excellent quality would buy again,54,216,75539.99,CA,basic
12,2024-02-20 02:22:43,0,75.13,backpack,works as expected average experience,19,805,62342.8,FR,free
12,2024-02-20 02:26:24,0,19.04,running shoes,excellent quality would buy again,63,521,41693.37,FR,basic
12,2024-02-20 02:33:42,0,45.36,running shoes,excellent quality would buy again,23,479,50396.9,DE,basic
12,2024-02-20 03:13:45,1,9.02,desk lamp,great product fast shipping,32,550,62549.64,CA,premium
12,2024-02-20 05:45:25,0,24.62,water bottle,arrived damaged poor packaging,25,479,38023.04,IN,premium
12,2024-02-20 06:46:28,0,24.35,bluetooth speaker,works as expected average experience,44,254,34132.62,IN,free
12,2024-02-20 07:41:48,1,66.52,water bottle,arrived damaged poor packaging,45,1265,25456.81,UK,basic
12,2024-02-20 07:45:14,0,22.98,laptop stand,stopped working after a week,42,1089,47489.77,DE,free
12,2024-02-20 08:58:00,1,39.85,laptop stand,great product fast shipping,22,518,30639.22,UK,free
12,2024-02-20 09:41:53,1,55.95,wireless earbuds,amazing value highly recommend,65,70,57641.81,DE,basic
12,2024-02-20 09:59:25,0,13.54,desk lamp,excellent quality would buy again,43,120,52588.22,CA,basic
12,2024-02-20 12:20:28,0,35.92,bluetooth speaker,great product fast shipping,53,1344,31809.86,UK,premium
12,2024-02-20 12:34:12,1,56.7,backpack,amazing value highly recommend,52,639,40243.19,UK,enterprise
12,2024-02-20 12:51:56,1,103.3,coffee maker,amazing value highly recommend,21,142,30009.68,UK,basic
12,2024-02-20 13:54:17,1,20.23,water bottle,perfect fit very comfortable,54,1603,44811.32,CA,free
12,2024-02-20 14:47:26,1,59.37,coffee maker,amazing value highly recommend,24,1787,42114.96,FR,premium
12,2024-02-20 15:04:03,1,14.13,bluetooth speaker,not worth the price disappointed,28,769,37139.31,IN,premium
12,2024-02-20 15:25:10,1,7.67,laptop stand,amazing value highly recommend,31,1637,50393.82,US,basic
12,2024-02-20 16:32:42,1,102.52,laptop stand,arrived damaged poor packaging,27,1148,61497.47,FR,premium
12,2024-02-20 17:44:13,1,103.57,running shoes,works as expected average experience,42,958,46324.72,AU,premium
12,2024-02-20 18:41:45,1,140.77,laptop stand,perfect fit very comfortable,55,103,71804.38,FR,premium
12,2024-02-20 18:42:26,0,12.74,backpack,arrived damaged poor packaging,68,321,47843.99,US,free
12,2024-02-20 19:13:00,1,28.02,bluetooth speaker,perfect fit very comfortable,53,1931,36075.11,CA,premium
12,2024-02-20 19:14:55,0,21.13,yoga mat,stopped working after a week,32,1200,30598.76,US,free
12,2024-02-20 19:49:31,0,59.14,water bottle,perfect fit very comfortable,29,360,52634.38,CA,basic
12,2024-02-20 20:00:10,1,76.32,coffee maker,excellent quality would buy again,25,557,48323.79,US,premium
12,2024-02-20 20:05:28,1,41.76,backpack,works as expected average experience,39,1282,60607.9,FR,premium
12,2024-02-20 20:14:44,1,37.55,backpack,arrived damaged poor packaging,69,1321,30239.83,AU,basic
12,2024-02-20 21:26:42,0,48.43,yoga mat,stopped working after a week,39,1206,42521.59,IN,free
12,2024-02-20 21:39:49,1,56.99,backpack,excellent quality would buy again,43,1676,45626.98,FR,free
12,2024-02-20 22:11:46,0,13.91,water bottle,arrived damaged poor packaging,20,502,78610.56,UK,free
12,2024-02-20 22:13:10,0,26.06,coffee maker,excellent quality would buy again,19,1712,62008.06,UK,basic
12,2024-02-20 22:46:19,1,33.99,yoga mat,stopped working after a week,62,522,50010.82,AU,free
12,2024-02-20 23:12:27,0,6.64,laptop stand,arrived damaged poor packaging,30,1076,47200.4,US,enterprise
12,2024-02-20 23:30:34,1,39.98,bluetooth speaker,great product fast shipping,36,1394,33772.83,UK,premium
13,2024-01-24 01:28:01,1,26.76,running shoes,not worth the price disappointed,44,1669,84245.82,CA,premium
13,2024-01-24 03:21:15,0,20.8,laptop stand,arrived damaged poor packaging,55,119,29188.63,AU,free
13,2024-01-24 03:57:46,0,23.1,yoga mat,not worth the price disappointed,37,445,44552.16,DE,premium
13,2024-01-24 04:23:23,0,17.74,bluetooth speaker,excellent quality would buy again,47,187,37672.39,DE,basic
13,2024-01-24 05:34:54,1,78.03,running shoes,arrived damaged poor packaging,69,1105,18599.58,FR,free
13,2024-01-24 05:39:02,1,51.5,bluetooth speaker,amazing value highly recommend,69,1967,31498.25,FR,basic
13,2024-01-24 05:59:42,0,13.34,phone case,great product fast shipping,62,1028,49326.31,IN,free
13,2024-01-24 06:23:42,0,5.9,phone case,works as expected average experience,58,932,52284.3,US,basic
13,2024-01-24 07:07:30,0,3.21,desk lamp,arrived damaged poor packaging,57,1010,52839.26,FR,free
13,2024-01-24 07:51:35,1,37.26,wireless earbuds,great product fast shipping,60,638,26566.99,IN,basic
13,2024-01-24 07:52:50,1,75.3,bluetooth speaker,perfect fit very comfortable,33,1552,46244.17,UK,basic
13,2024-01-24 08:07:03,1,53.64,desk lamp,works as expected average experience,69,197,53333.62,US,free
13,2024-01-24 08:47:36,0,13.08,yoga mat,arrived damaged poor packaging,32,1346,41574.68,FR,free
13,2024-01-24 08:49:13,0,29.84,desk lamp,not worth the price disappointed,30,178,65083.39,IN,free
13,2024-01-24 09:06:25,0,46.92,bluetooth speaker,perfect fit very comfortable,26,58,45259.13,CA,premium
13,2024-01-24 09:14:31,1,51.13,running shoes,great product fast shipping,31,713,59894.83,CA,premium
13,2024-01-24 10:00:19,0,14.0,bluetooth speaker,works as expected average experience,54,1292,25289.69,FR,free
13,2024-01-24 10:24:24,0,9.58,backpack,works as expected average experience,38,1069,35636.09,CA,premium
13,2024-01-24 10:24:48,0,22.74,bluetooth speaker,excellent quality would buy again,23,1724,30867.22,UK,free
13,2024-01-24 11:03:06,0,7.12,bluetooth speaker,not worth the price disappointed,22,300,70748.92,US,free
13,2024-01-24 11:06:25,1,38.85,desk lamp,stopped working after a week,53,1314,30643.5,US,enterprise
13,2024-01-24 11:28:08,1,47.58,wireless earbuds,great product fast shipping,19,877,130817.94,US,premium
13,2024-01-24 11:32:30,0,10.25,coffee maker,perfect fit very comfortable,47,504,58244.62,UK,basic
13,2024-01-24 12:07:16,0,54.34,backpack,not worth the price disappointed,18,860,35629.11,IN,free
13,2024-01-24 12:51:01,1,81.71,laptop stand,not worth the price disappointed,63,594,38108.69,CA,free
13,2024-01-24 14:30:00,0,21.25,phone case,great product fast shipping,51,1608,39978.91,AU,basic
13,2024-01-24 15:20:58,1,17.7,desk lamp,perfect fit very comfortable,56,927,37516.69,DE,free
13,2024-01-24 16:06:00,1,20.23,bluetooth speaker,great product fast shipping,50,1939,52582.56,US,basic
13,2024-01-24 16:27:28,1,49.79,desk lamp,excellent quality would buy again,52,336,44229.47,DE,enterprise
13,2024-01-24 16:28:04,1,75.16,water bottle,not worth the price disappointed,26,500,67350.02,UK,basic
13,2024-01-24 17:41:12,1,33.98,water bottle,amazing value highly recommend,63,647,67729.62,AU,basic
13,2024-01-24 18:29:13,0,13.8,running shoes,amazing value highly recommend,44,177,43660.4,AU,premium
13,2024-01-24 18:49:09,1,9.5,backpack,not worth the price disappointed,35,1819,49273.69,FR,basic
13,2024-01-24 19:01:33,1,85.82,running shoes,arrived damaged poor packaging,29,341,46526.09,US,enterprise
13,2024-01-24 20:00:31,1,14.14,wireless earbuds,excellent quality would buy again,42,1549,56032.49,FR,enterprise
13,2024-01-24 20:30:02,0,25.69,backpack,arrived damaged poor packaging,65,470,29548.62,CA,basic
13,2024-01-24 20:34:54,1,40.99,backpack,arrived damaged poor packaging,18,755,37767.5,AU,basic
13,2024-01-24 21:59:32,1,75.21,phone case,amazing value highly recommend,46,1397,52698.46,DE,basic
13,2024-01-24 22:46:21,1,2.89,water bottle,stopped working after a week,19,641,59409.93,DE,premium
13,2024-01-24 23:03:06,0,31.69,phone case,perfect fit very comfortable,60,716,78661.92,IN,free
14,2024-02-23 00:50:36,0,19.26,coffee maker,amazing value highly recommend,48,1370,71768.29,DE,basic
14,2024-02-23 01:44:21,0,11.24,yoga mat,not worth the price disappointed,65,967,42257.86,UK,enterprise
14,2024-02-23 02:01:40,1,19.63,wireless earbuds,great product fast shipping,44,1659,55426.86,IN,basic
14,2024-02-23 02:16:56,1,164.15,yoga mat,stopped working after a week,52,1016,81989.77,FR,basic
14,2024-02-23 03:10:13,0,7.83,yoga mat,amazing value highly recommend,62,345,64033.84,IN,basic
14,2024-02-23 03:17:52,0,12.65,wireless earbuds,amazing value highly recommend,51,1344,51126.4,IN,enterprise
14,2024-02-23 04:03:55,1,37.77,phone case,amazing value highly recommend,62,1154,65768.64,DE,enterprise
14,2024-02-23 04:14:28,0,32.25,coffee maker,amazing value highly recommend,61,382,33197.8,US,premium
14,2024-02-23 04:51:23,1,66.22,coffee maker,arrived damaged poor packaging,40,615,22806.42,AU,free
14,2024-02-23 04:51:27,0,17.44,water bottle,works as expected average experience,21,465,52780.06,US,basic
14,2024-02-23 06:54:56,1,119.51,phone case,perfect fit very comfortable,22,1990,58906.79,DE,enterprise
14,2024-02-23 09:45:40,0,26.66,coffee maker,perfect fit very comfortable,63,824,64608.16,US,premium
14,2024-02-23 11:44:31,0,20.77,desk lamp,stopped working after a week,54,1224,63797.84,DE,basic
14,2024-02-23 12:04:45,0,12.4,water bottle,works as expected average experience,52,744,49153.75,US,free
14,2024-02-23 12:33:26,1,39.34,backpack,excellent quality would buy again,40,1235,46444.51,DE,basic
14,2024-02-23 12:47:07,0,23.98,coffee maker,amazing value highly recommend,27,122,37766.62,DE,basic
14,2024-02-23 13:16:22,1,8.37,bluetooth speaker,great product fast shipping,61,795,50969.61,US,free
14,2024-02-23 13:56:20,0,8.0,wireless earbuds,arrived damaged poor packaging,21,526,48129.18,IN,free
14,2024-02-23 14:14:54,1,27.42,phone case,perfect fit very comfortable,43,774,52466.83,CA,free
14,2024-02-23 14:20:19,0,11.94,phone case,excellent quality would buy again,53,1366,75856.54,UK,basic
14,2024-02-23 14:44:42,1,16.0,bluetooth speaker,stopped working after a week,69,1341,43724.23,IN,free
14,2024-02-23 14:55:29,0,34.64,laptop stand,great product fast shipping,46,295,40084.42,IN,premium
14,2024-02-23 15:11:24,0,93.21,water bottle,great product fast shipping,60,1084,36259.42,FR,basic
14,2024-02-23 15:16:09,0,16.49,wireless earbuds,amazing value highly recommend,53,1815,55186.2,FR,basic
14,2024-02-23 15:39:43,0,14.68,phone case,amazing value highly recommend,36,1604,34779.48,CA,premium
14,2024-02-23 16:40:30,1,35.73,yoga mat,arrived damaged poor packaging,53,1518,72893.94,US,premium
14,2024-02-23 17:21:43,0,68.47,backpack,perfect fit very comfortable,21,1260,37060.23,IN,basic
14,2024-02-23 17:25:01,0,40.3,wireless earbuds,great product fast shipping,57,1092,39135.27,FR,free
14,2024-02-23 17:38:14,0,13.07,backpack,amazing value highly recommend,43,1938,47177.94,FR,premium
14,2024-02-23 18:23:26,0,16.6,water bottle,great product fast shipping,33,1483,73920.6,UK,basic
14,2024-02-23 19:13:16,0,19.84,water bottle,excellent quality would buy again,30,114,51644.32,US,free
14,2024-02-23 19:18:19,0,59.5,laptop stand,great product fast shipping,62,789,71509.97,US,free
14,2024-02-23 20:21:55,0,12.76,laptop stand,arrived damaged poor packaging,26,1253,81272.77,US,free
14,2024-02-23 20:39:26,0,5.79,bluetooth speaker,perfect fit very comfortable,59,709,21636.58,FR,free
14,2024-02-23 22:03:16,0,24.44,bluetooth speaker,perfect fit very comfortable,67,1675,33288.91,CA,free
14,2024-02-23 22:27:45,1,14.59,phone case,not worth the price disappointed,65,692,70773.78,IN,premium
14,2024-02-23 22:51:36,0,18.14,coffee maker,stopped working after a week,56,56,28492.95,UK,premium
14,2024-02-23 23:00:47,0,20.72,running shoes,works as expected average experience,63,751,42613.16,US,basic
14,2024-02-23 23:02:18,0,26.34,backpack,great product fast shipping,27,1367,57286.74,FR,free
15,2024-01-18 00:11:18,0,33.95,desk lamp,not worth the price disappointed,35,1874,46259.42,FR,basic
15,2024-01-18 01:12:12,0,11.33,coffee maker,stopped working after a week,29,948,46919.99,FR,free
15,2024-01-18 02:06:18,1,40.51,bluetooth speaker,works as expected average experience,33,1712,68838.64,AU,premium
15,2024-01-18 02:09:45,1,27.42,phone case,excellent quality would buy again,24,980,52224.25,FR,free
15,2024-01-18 02:16:52,1,61.31,backpack,amazing value highly recommend,27,1818,51086.19,UK,basic
15,2024-01-18 02:48:37,0,19.44,laptop stand,perfect fit very comfortable,62,1321,37719.58,US,premium
15,2024-01-18 02:52:24,1,194.67,phone case,excellent quality would buy again,68,1012,25763.49,CA,free
15,2024-01-18 03:06:14,1,37.96,phone case,arrived damaged poor packaging,41,1536,68653.3,DE,basic
15,2024-01-18 03:20:21,1,42.23,desk lamp,works as expected average experience,55,1034,48092.66,AU,premium
15,2024-01-18 04:01:30,0,116.75,water bottle,works as expected average experience,18,210,55182.18,US,free
15,2024-01-18 04:06:39,0,48.96,desk lamp,excellent quality would buy again,38,771,57690.71,UK,premium
15,2024-01-18 05:39:25,1,35.53,laptop stand,stopped working after a week,64,1123,22919.21,DE,premium
15,2024-01-18 06:04:52,0,25.91,running shoes,arrived damaged poor packaging,68,1385,21357.93,UK,free
15,2024-01-18 10:41:04,0,18.4,bluetooth speaker,perfect fit very comfortable,68,1083,55923.59,DE,basic
15,2024-01-18 11:11:01,0,26.26,yoga mat,excellent quality would buy again,69,1726,31522.24,CA,premium
15,2024-01-18 11:25:20,1,17.66,water bottle,amazing value highly recommend,51,154,45634.42,AU,premium
15,2024-01-18 11:48:42,1,71.67,water bottle,amazing value highly recommend,62,1151,68025.61,CA,basic
15,2024-01-18 12:25:29,1,39.86,desk lamp,arrived damaged poor packaging,66,1202,26194.56,UK,enterprise
15,2024-01-18 12:29:35,0,7.28,backpack,not worth the price disappointed,65,1958,17056.16,FR,basic
15,2024-01-18 12:32:35,0,17.93,bluetooth speaker,works as expected average experience,51,1643,33529.71,US,free
15,2024-01-18 13:33:31,1,21.15,laptop stand,works as expected average experience,50,1173,45542.89,CA,premium
15,2024-01-18 13:44:17,0,27.07,laptop stand,works as expected average experience,65,1637,30753.49,CA,basic
15,2024-01-18 14:09:42,1,128.67,desk lamp,great product fast shipping,40,1927,68621.4,IN,enterprise
15,2024-01-18 14:23:24,1,45.31,water bottle,great product fast shipping,29,338,40369.21,IN,premium
15,2024-01-18 14:47:16,1,39.4,coffee maker,stopped working after a week,35,1156,42732.34,IN,free
15,2024-01-18 16:18:09,1,38.81,coffee maker,arrived damaged poor packaging,37,734,25674.29,CA,enterprise
15,2024-01-18 17:18:33,1,46.86,phone case,perfect fit very comfortable,40,1964,37399.67,FR,premium
15,2024-01-18 17:19:28,1,36.01,bluetooth speaker,amazing value highly recommend,63,1375,40099.57,AU,basic
15,2024-01-18 17:27:57,0,17.37,backpack,works as expected average experience,36,1030,83119.92,UK,enterprise
15,2024-01-18 18:20:02,0,11.15,yoga mat,arrived damaged poor packaging,54,927,44591.72,UK,premium
15,2024-01-18 18:46:58,1,48.82,desk lamp,great product fast shipping,55,1901,39287.55,DE,free
15,2024-01-18 18:51:46,0,23.07,water bottle,stopped working after a week,25,1245,37034.95,IN,basic
15,2024-01-18 19:04:57,0,30.85,coffee maker,stopped working after a week,28,982,75247.56,IN,premium
15,2024-01-18 19:10:54,1,51.23,bluetooth speaker,perfect fit very comfortable,34,264,40956.93,CA,premium
15,2024-01-18 20:16:51,0,21.66,backpack,great product fast shipping,23,313,38014.98,IN,free
15,2024-01-18 22:04:58,1,45.27,phone case,perfect fit very comfortable,56,172,52942.26,IN,premium
15,2024-01-18 22:20:58,0,30.78,wireless earbuds,stopped working after a week,23,150,53139.26,US,premium
15,2024-01-18 22:21:10,0,23.47,laptop stand,arrived damaged poor packaging,38,1302,61232.21,CA,free
15,2024-01-18 22:42:16,0,62.63,backpack,arrived damaged poor packaging,28,243,34267.83,CA,free
15,2024-01-18 23:55:11,1,40.07,desk lamp,arrived damaged poor packaging,19,1908,39309.83,AU,basic
16,2024-01-15 02:04:12,1,39.03,phone case,amazing value highly recommend,44,943,57444.32,US,premium
16,2024-01-15 03:04:12,1,36.27,running shoes,arrived damaged poor packaging,63,1297,42678.31,IN,basic
16,2024-01-15 03:32:48,0,4.13,phone case,excellent quality would buy again,64,1899,56811.49,AU,enterprise
16,2024-01-15 03:46:57,0,10.2,bluetooth speaker,perfect fit very comfortable,51,1495,29017.35,IN,basic
16,2024-01-15 04:13:26,0,22.87,desk lamp,amazing value highly recommend,42,282,39916.36,US,premium
16,2024-01-15 04:59:54,0,12.04,backpack,not worth the price disappointed,46,1942,46153.26,AU,premium
16,2024-01-15 06:29:34,1,48.49,yoga mat,works as expected average experience,44,145,41732.8,CA,basic
16,2024-01-15 07:30:44,0,11.4,coffee maker,works as expected average experience,57,1042,39002.56,FR,premium
16,2024-01-15 07:32:47,0,31.32,bluetooth speaker,great product fast shipping,66,1651,43872.35,AU,basic
16,2024-01-15 08:00:26,0,32.85,laptop stand,perfect fit very comfortable,25,49,19469.47,FR,premium
16,2024-01-15 08:44:26,0,17.6,phone case,arrived damaged poor packaging,29,338,60362.46,CA,basic
16,2024-01-15 09:11:58,0,24.11,wireless earbuds,perfect fit very comfortable,62,291,34850.62,CA,free
16,2024-01-15 10:02:47,0,13.62,phone case,amazing value highly recommend,42,1718,68607.65,AU,basic
16,2024-01-15 10:30:34,1,22.31,backpack,not worth the price disappointed,50,1789,31075.89,UK,free
16,2024-01-15 11:42:59,0,10.76,backpack,great product fast shipping,21,778,32055.98,US,premium
16,2024-01-15 12:46:21,1,36.74,bluetooth speaker,excellent quality would buy again,51,907,89461.09,IN,basic
16,2024-01-15 13:16:18,1,73.5,phone case,excellent quality would buy again,28,1682,30102.13,DE,free
16,2024-01-15 13:19:13,0,94.31,wireless earbuds,great product fast shipping,50,1048,54927.29,US,premium
16,2024-01-15 15:13:40,1,52.75,water bottle,stopped working after a week,51,1445,82570.09,UK,free
16,2024-01-15 15:47:19,1,81.3,yoga mat,great product fast shipping,53,1572,54466.59,IN,basic
16,2024-01-15 16:06:34,1,137.24,bluetooth speaker,perfect fit very comfortable,32,1415,57070.2,CA,enterprise
16,2024-01-15 17:29:29,0,30.71,backpack,stopped working after a week,55,218,51813.39,US,free
16,2024-01-15 17:30:44,1,59.71,running shoes,perfect fit very comfortable,35,1760,42578.03,CA,free
16,2024-01-15 17:31:58,0,56.09,laptop stand,stopped working after a week,48,1842,28968.68,CA,basic
16,2024-01-15 17:41:59,1,56.13,desk lamp,great product fast shipping,32,1473,45772.27,IN,premium
16,2024-01-15 17:43:03,0,118.18,water bottle,great product fast shipping,42,365,55945.95,UK,basic
16,2024-01-15 18:18:02,0,19.53,bluetooth speaker,works as expected average experience,41,267,40793.32,AU,free
16,2024-01-15 18:35:01,0,54.63,coffee maker,not worth the price disappointed,34,1527,64659.86,AU,basic
16,2024-01-15 19:05:07,1,33.51,bluetooth speaker,great product fast shipping,32,1981,56800.91,DE,free
16,2024-01-15 19:36:38,0,32.38,coffee maker,perfect fit very comfortable,46,1094,57897.29,US,free
16,2024-01-15 21:33:38,0,37.62,laptop stand,amazing value highly recommend,46,1263,57006.13,CA,basic
16,2024-01-15 22:07:08,1,85.71,coffee maker,not worth the price disappointed,60,791,46789.02,IN,premium
16,2024-01-15 22:28:01,1,22.59,phone case,excellent quality would buy again,23,1958,145924.77,US,premium
16,2024-01-15 22:46:39,0,14.95,running shoes,perfect fit very comfortable,27,237,85594.44,UK,free
16,2024-01-15 23:04:16,1,52.05,wireless earbuds,great product fast shipping,65,1416,84400.49,US,free
17,2024-02-10 00:07:02,1,35.94,water bottle,perfect fit very comfortable,54,863,51893.64,IN,free
17,2024-02-10 00:17:42,0,28.84,yoga mat,amazing value highly recommend,42,463,40321.77,FR,free
17,2024-02-10 00:46:37,1,41.19,bluetooth speaker,stopped working after a week,24,371,59518.17,IN,enterprise
17,2024-02-10 02:50:36,1,325.69,bluetooth speaker,amazing value highly recommend,35,275,56662.5,UK,premium
17,2024-02-10 02:55:34,0,13.81,bluetooth speaker,perfect fit very comfortable,29,1757,39025.74,DE,free
17,2024-02-10 02:56:44,0,20.45,backpack,excellent quality would buy again,68,754,29426.6,US,free
17,2024-02-10 03:21:29,0,10.99,backpack,works as expected average experience,50,1149,62302.03,IN,premium
17,2024-02-10 06:30:11,1,44.4,desk lamp,arrived damaged poor packaging,21,573,39602.79,CA,basic
17,2024-02-10 08:39:31,1,69.28,bluetooth speaker,not worth the price disappointed,37,1584,45301.02,DE,premium
17,2024-02-10 09:01:57,1,14.95,running shoes,perfect fit very comfortable,34,1849,51373.47,FR,free
17,2024-02-10 10:10:16,1,83.69,backpack,great product fast shipping,62,541,56216.17,DE,free
17,2024-02-10 11:28:34,1,10.41,desk lamp,great product fast shipping,46,938,53808.03,DE,free
17,2024-02-10 11:30:17,1,17.98,coffee maker,arrived damaged poor packaging,41,260,53986.63,UK,free
17,2024-02-10 13:04:05,0,25.86,bluetooth speaker,perfect fit very comfortable,18,1487,61356.49,FR,enterprise
17,2024-02-10 14:07:05,1,131.35,laptop stand,arrived damaged poor packaging,28,1827,76349.77,US,free
17,2024-02-10 14:42:15,1,153.42,laptop stand,works as expected average experience,25,1461,57807.49,FR,basic
17,2024-02-10 15:17:23,0,7.78,phone case,excellent quality would buy again,27,1988,41263.11,IN,free
17,2024-02-10 15:38:45,1,56.17,yoga mat,excellent quality would buy again,45,435,61980.65,UK,enterprise
17,2024-02-10 16:27:58,1,44.87,coffee maker,perfect fit very comfortable,18,590,19735.28,AU,premium
17,2024-02-10 17:13:34,0,13.49,bluetooth speaker,stopped working after a week,51,756,45381.6,FR,free
17,2024-02-10 18:43:38,1,56.15,coffee maker,stopped working after a week,32,328,63906.3,IN,free
17,2024-02-10 20:18:43,0,61.16,phone case,not worth the price disappointed,67,125,83754.0,CA,free
17,2024-02-10 20:24:46,1,52.8,coffee maker,perfect fit very comfortable,53,70,36947.83,US,free
17,2024-02-10 21:04:13,0,22.33,wireless earbuds,great product fast shipping,26,1832,43310.56,UK,basic
17,2024-02-10 22:28:02,1,41.92,coffee maker,excellent quality would buy again,31,1746,54425.98,CA,free
17,2024-02-10 22:49:43,0,12.43,bluetooth speaker,great product fast shipping,20,928,41470.37,CA,basic
17,2024-02-10 23:40:44,1,49.32,yoga mat,perfect fit very comfortable,32,372,63805.16,IN,free
18,2024-02-08 00:17:24,0,32.21,laptop stand,excellent quality would buy again,57,1571,26230.64,CA,free
18,2024-02-08 00:34:30,1,66.46,coffee maker,not worth the price disappointed,69,548,48899.14,DE,free
18,2024-02-08 00:41:45,0,21.98,yoga mat,amazing value highly recommend,41,1622,74086.46,UK,basic
18,2024-02-08 01:02:14,0,36.8,coffee maker,perfect fit very comfortable,39,137,67768.64,IN,basic
18,2024-02-08 01:03:36,0,30.68,bluetooth speaker,amazing value highly recommend,53,886,42317.58,US,premium
18,2024-02-08 02:10:14,0,8.4,laptop stand,excellent quality would buy again,53,294,93595.11,FR,basic
18,2024-02-08 02:17:46,0,71.64,water bottle,not worth the price disappointed,40,1652,57444.7,UK,premium
18,2024-02-08 02:33:14,0,63.75,water bottle,amazing value highly recommend,63,1702,53581.91,US,free
18,2024-02-08 02:39:14,1,37.59,water bottle,amazing value highly recommend,59,219,35068.41,US,basic
18,2024-02-08 03:16:35,1,7.8,yoga mat,perfect fit very comfortable,41,747,63661.59,AU,premium
18,2024-02-08 05:54:07,1,101.57,phone case,excellent quality would buy again,26,244,40794.09,UK,premium
18,2024-02-08 06:48:49,1,48.15,phone case,perfect fit very comfortable,39,880,48785.38,IN,free
18,2024-02-08 07:05:19,0,10.75,wireless earbuds,great product fast shipping,69,41,78475.5,AU,basic
18,2024-02-08 07:14:46,1,34.57,desk lamp,not worth the price disappointed,34,1071,72462.28,AU,enterprise
18,2024-02-08 07:34:09,0,34.65,desk lamp,great product fast shipping,27,1647,68115.98,CA,basic
18,2024-02-08 09:22:56,1,75.03,water bottle,perfect fit very comfortable,41,655,73213.66,UK,enterprise
18,2024-02-08 10:21:04,0,25.19,backpack,works as expected average experience,47,1601,48637.57,FR,free
18,2024-02-08 10:36:55,0,11.84,wireless earbuds,perfect fit very comfortable,29,1993,61911.79,UK,basic
18,2024-02-08 10:54:13,0,32.27,backpack,great product fast shipping,20,868,48778.88,IN,basic
18,2024-02-08 11:00:18,0,26.86,laptop stand,arrived damaged poor packaging,65,1565,71677.89,UK,basic
18,2024-02-08 12:22:23,0,5.9,wireless earbuds,arrived damaged poor packaging,62,948,41761.68,UK,free
18,2024-02-08 13:04:39,1,13.16,desk lamp,amazing value highly recommend,46,1158,97903.35,DE,premium
18,2024-02-08 14:57:34,1,40.66,desk lamp,stopped working after a week,33,1874,32598.4,UK,enterprise
18,2024-02-08 15:36:10,1,113.84,bluetooth speaker,arrived damaged poor packaging,26,105,46234.32,CA,basic
18,2024-02-08 15:58:35,0,17.4,running shoes,great product fast shipping,47,84,40547.73,IN,free
18,2024-02-08 15:58:40,0,35.72,phone case,perfect fit very comfortable,23,1548,29180.04,DE,free
18,2024-02-08 16:20:14,1,18.71,yoga mat,excellent quality would buy again,60,1328,48725.09,AU,free
18,2024-02-08 16:25:40,0,20.02,phone case,excellent quality would buy again,52,1441,31089.24,DE,basic
18,2024-02-08 17:20:31,0,50.63,coffee maker,arrived damaged poor packaging,36,825,45823.82,IN,free
18,2024-02-08 17:43:02,0,45.87,running shoes,stopped working after a week,28,1659,34878.07,UK,free
18,2024-02-08 18:40:18,1,38.71,phone case,perfect fit very comfortable,59,326,33558.35,AU,enterprise
18,2024-02-08 18:45:03,1,45.13,desk lamp,great product fast shipping,61,803,32377.66,DE,enterprise
18,2024-02-08 19:48:34,0,28.31,yoga mat,arrived damaged poor packaging,32,923,47297.73,DE,premium
18,2024-02-08 20:05:07,1,54.79,bluetooth speaker,perfect fit very comfortable,63,1103,42684.65,CA,enterprise
18,2024-02-08 20:43:21,0,26.48,water bottle,works as expected average experience,39,496,42540.56,IN,free
18,2024-02-08 21:06:02,0,22.77,desk lamp,amazing value highly recommend,24,1019,48257.66,IN,free
18,2024-02-08 21:31:43,1,61.41,water bottle,stopped working after a week,65,1153,47644.15,AU,basic
18,2024-02-08 22:02:33,0,15.93,phone case,perfect fit very comfortable,42,794,62975.72,AU,free
18,2024-02-08 23:14:22,1,6.81,running shoes,amazing value highly recommend,53,1508,48684.64,FR,premium
18,2024-02-08 23:55:43,0,61.66,wireless earbuds,perfect fit very comfortable,24,554,51095.27,CA,free
18,2024-02-08 23:58:42,1,62.04,coffee maker,stopped working after a week,23,473,66040.33,FR,basic
19,2024-01-09 00:07:49,1,34.31,backpack,excellent quality would buy again,26,988,45877.86,FR,basic
19,2024-01-09 00:07:52,1,51.63,coffee maker,perfect fit very comfortable,53,636,27161.66,UK,basic
19,2024-01-09 00:20:59,0,48.98,coffee maker,perfect fit very comfortable,66,1851,44653.76,DE,free
19,2024-01-09 00:52:04,1,61.44,bluetooth speaker,amazing value highly recommend,32,1743,54610.4,US,premium
19,2024-01-09 01:14:23,1,34.96,coffee maker,amazing value highly recommend,33,475,70250.58,US,premium
19,2024-01-09 01:22:24,1,42.92,desk lamp,great product fast shipping,23,55,43307.28,FR,basic
19,2024-01-09 02:53:07,1,42.75,water bottle,works as expected average experience,59,271,75283.39,US,free
19,2024-01-09 03:25:57,1,39.22,phone case,perfect fit very comfortable,48,1281,77992.75,FR,premium
19,2024-01-09 03:45:06,1,17.33,laptop stand,works as expected average experience,41,1594,44087.45,UK,basic
19,2024-01-09 04:45:24,0,38.82,water bottle,perfect fit very comfortable,60,334,63689.8,AU,basic
19,2024-01-09 05:43:30,0,77.85,laptop stand,not worth the price disappointed,52,1839,91916.25,FR,basic
19,2024-01-09 05:46:47,0,14.33,wireless earbuds,works as expected average experience,22,1777,28545.57,FR,free
19,2024-01-09 05:52:37,0,24.47,wireless earbuds,great product fast shipping,19,864,53310.07,UK,basic
19,2024-01-09 06:54:25,0,35.82,running shoes,arrived damaged poor packaging,53,177,61807.17,DE,basic
19,2024-01-09 06:56:01,1,34.82,water bottle,perfect fit very comfortable,38,1663,55009.5,US,enterprise
19,2024-01-09 10:52:44,0,17.49,backpack,arrived damaged poor packaging,40,1488,38656.21,CA,free
19,2024-01-09 14:32:31,0,38.65,desk lamp,stopped working after a week,19,598,42893.38,US,free
19,2024-01-09 15:45:01,0,36.09,coffee maker,excellent quality would buy again,63,684,36637.94,DE,free
19,2024-01-09 16:03:32,0,17.48,backpack,excellent quality would buy again,39,84,66223.37,US,free
19,2024-01-09 18:31:50,0,90.68,bluetooth speaker,excellent quality would buy again,63,1061,22681.64,DE,basic
19,2024-01-09 18:38:32,1,49.26,phone case,great product fast shipping,39,824,44835.01,DE,basic
19,2024-01-09 19:13:23,0,25.0,water bottle,arrived damaged poor packaging,24,390,30752.63,IN,premium
19,2024-01-09 19:14:08,0,21.78,backpack,stopped working after a week,32,298,68598.42,DE,basic
19,2024-01-09 19:24:01,1,68.65,desk lamp,amazing value highly recommend,51,584,79271.92,CA,premium
19,2024-01-09 19:40:46,0,32.38,running shoes,not worth the price disappointed,69,76,25704.62,US,basic
19,2024-01-09 20:18:25,0,30.69,bluetooth speaker,stopped working after a week,55,1419,79305.67,CA,free
19,2024-01-09 20:23:08,0,214.92,backpack,not worth the price disappointed,25,129,42464.43,AU,enterprise
19,2024-01-09 20:30:15,0,45.26,wireless earbuds,arrived damaged poor packaging,23,1762,65594.44,AU,basic
19,2024-01-09 21:49:35,1,39.33,desk lamp,stopped working after a week,54,1911,49098.16,CA,free
19,2024-01-09 21:51:19,1,26.91,water bottle,great product fast shipping,35,820,46255.31,FR,premium
19,2024-01-09 22:16:01,1,65.17,bluetooth speaker,not worth the price disappointed,22,1627,57497.2,CA,premium
19,2024-01-09 23:06:59,1,46.42,coffee maker,not worth the price disappointed,19,686,48279.33,FR,enterprise
19,2024-01-09 23:14:12,1,40.41,laptop stand,great product fast shipping,54,231,36743.12,CA,premium
19,2024-01-09 23:31:16,0,193.49,wireless earbuds,not worth the price disappointed,62,1193,41414.48,DE,free
20,2024-02-19 00:22:40,0,53.73,bluetooth speaker,excellent quality would buy again,40,1705,75496.75,IN,basic
20,2024-02-19 00:57:49,0,19.0,bluetooth speaker,stopped working after a week,57,165,48683.88,IN,free
20,2024-02-19 01:16:21,0,93.78,yoga mat,works as expected average experience,55,244,103773.09,UK,free
20,2024-02-19 01:18:28,0,12.51,laptop stand,not worth the price disappointed,38,1244,44334.4,UK,basic
20,2024-02-19 01:41:05,1,43.29,running shoes,not worth the price disappointed,26,291,59058.36,FR,free
20,2024-02-19 02:03:52,1,43.21,backpack,stopped working after a week,39,1886,36156.03,IN,free
20,2024-02-19 02:23:58,1,314.23,yoga mat,not worth the price disappointed,59,97,39657.13,US,free
20,2024-02-19 02:43:46,0,24.74,yoga mat,perfect fit very comfortable,58,164,40444.24,AU,basic
20,2024-02-19 02:59:53,1,36.67,backpack,works as expected average experience,69,408,33262.5,UK,enterprise
20,2024-02-19 03:43:30,1,18.26,bluetooth speaker,amazing value highly recommend,55,1606,46794.51,UK,premium
20,2024-02-19 04:37:58,1,54.97,wireless earbuds,amazing value highly recommend,30,505,52753.69,AU,basic
20,2024-02-19 04:50:33,1,70.05,backpack,great product fast shipping,56,1716,61182.72,DE,free
20,2024-02-19 06:29:53,1,89.82,wireless earbuds,perfect fit very comfortable,55,716,70447.8,CA,free
20,2024-02-19 10:43:01,0,18.62,bluetooth speaker,amazing value highly recommend,35,1781,28701.79,AU,premium
20,2024-02-19 10:46:14,1,56.94,laptop stand,amazing value highly recommend,58,1383,71410.06,CA,premium
20,2024-02-19 10:56:55,0,15.58,water bottle,arrived damaged poor packaging,35,241,47903.11,IN,basic
20,2024-02-19 12:06:31,1,59.45,backpack,not worth the price disappointed,36,95,49600.87,FR,enterprise
20,2024-02-19 12:13:24,1,26.06,running shoes,stopped working after a week,39,130,37704.58,DE,premium
20,2024-02-19 12:32:28,0,18.34,water bottle,excellent quality would buy again,40,1376,31291.74,FR,basic
20,2024-02-19 12:57:22,1,16.82,laptop stand,not worth the price disappointed,19,260,53144.53,CA,free
20,2024-02-19 13:09:30,1,39.62,bluetooth speaker,arrived damaged poor packaging,32,1332,67205.23,DE,enterprise
20,2024-02-19 14:40:37,0,13.98,yoga mat,not worth the price disappointed,52,259,42573.61,US,free
20,2024-02-19 14:47:29,0,34.51,water bottle,perfect fit very comfortable,42,1225,47012.92,AU,basic
20,2024-02-19 15:07:13,1,53.56,bluetooth speaker,arrived damaged poor packaging,41,194,39439.03,US,premium
20,2024-02-19 16:44:13,0,31.47,wireless earbuds,great product fast shipping,35,371,42421.89,IN,basic
20,2024-02-19 16:45:17,0,25.39,phone case,stopped working after a week,67,1262,46674.47,AU,enterprise
20,2024-02-19 17:02:15,0,8.44,bluetooth speaker,great product fast shipping,62,1466,49479.91,IN,basic
20,2024-02-19 17:37:51,0,15.56,bluetooth speaker,excellent quality would buy again,42,998,67787.81,CA,free
20,2024-02-19 17:53:04,0,14.01,bluetooth speaker,arrived damaged poor packaging,32,1158,37189.89,UK,basic
20,2024-02-19 17:59:10,0,16.77,coffee maker,excellent quality would buy again,37,130,39372.91,FR,basic
20,2024-02-19 19:31:11,0,21.82,coffee maker,stopped working after a week,18,1055,38442.55,DE,basic
20,2024-02-19 19:40:30,1,288.07,desk lamp,great product fast shipping,66,1318,25352.78,UK,free
20,2024-02-19 20:06:41,0,45.39,wireless earbuds,perfect fit very comfortable,20,734,17143.86,CA,basic
20,2024-02-19 20:25:37,0,17.33,running shoes,perfect fit very comfortable,62,218,40544.81,UK,premium
20,2024-02-19 23:31:29,0,20.23,yoga mat,stopped working after a week,38,160,45627.7,DE,basic
21,2024-01-12 00:06:18,0,48.66,wireless earbuds,excellent quality would buy again,30,376,25526.42,DE,basic
21,2024-01-12 01:00:59,1,49.71,backpack,great product fast shipping,45,1945,37754.42,FR,basic
21,2024-01-12 02:12:04,0,33.58,coffee maker,works as expected average experience,35,1287,32912.94,IN,basic
21,2024-01-12 03:28:59,1,17.28,bluetooth speaker,arrived damaged poor packaging,36,1934,90641.35,DE,premium
21,2024-01-12 04:09:18,0,14.85,water bottle,works as expected average experience,41,1088,53444.49,IN,free
21,2024-01-12 04:24:17,1,22.77,laptop stand,stopped working after a week,37,305,65271.43,AU,free
21,2024-01-12 05:15:33,1,53.65,running shoes,arrived damaged poor packaging,64,1460,28802.29,FR,basic
21,2024-01-12 05:57:32,0,21.51,yoga mat,arrived damaged poor packaging,42,496,32634.88,FR,free
21,2024-01-12 06:06:27,1,38.03,coffee maker,arrived damaged poor packaging,44,561,45324.65,AU,basic
21,2024-01-12 07:13:56,1,53.72,backpack,perfect fit very comfortable,30,284,40242.46,IN,premium
21,2024-01-12 08:54:27,0,8.23,coffee maker,amazing value highly recommend,57,74,41583.55,DE,basic
21,2024-01-12 09:01:58,1,165.46,laptop stand,great product fast shipping,31,1085,68330.63,IN,basic
21,2024-01-12 09:52:38,0,7.46,bluetooth speaker,excellent quality would buy again,68,138,37212.81,UK,free
21,2024-01-12 10:02:27,1,78.62,running shoes,not worth the price disappointed,31,115,70332.87,DE,basic
21,2024-01-12 10:43:01,1,27.88,laptop stand,works as expected average experience,21,1769,42467.0,US,enterprise
21,2024-01-12 11:00:19,1,15.72,wireless earbuds,amazing value highly recommend,33,419,41243.39,AU,premium
21,2024-01-12 11:00:51,1,180.71,bluetooth speaker,stopped working after a week,42,874,58463.69,US,premium
21,2024-01-12 12:54:04,0,22.99,water bottle,amazing value highly recommend,40,1875,38358.16,CA,free
21,2024-01-12 12:59:24,0,35.61,running shoes,stopped working after a week,42,34,35713.88,CA,free
21,2024-01-12 13:01:56,0,14.89,phone case,arrived damaged poor packaging,60,1108,61619.0,US,free
21,2024-01-12 13:44:16,1,33.49,backpack,amazing value highly recommend,26,876,50608.84,DE,enterprise
21,2024-01-12 13:52:20,0,26.17,backpack,excellent quality would buy again,49,754,82232.93,UK,free
21,2024-01-12 14:12:25,1,59.2,coffee maker,perfect fit very comfortable,61,1500,74070.81,AU,basic
21,2024-01-12 15:16:25,1,7.5,coffee maker,not worth the price disappointed,40,1675,21006.51,IN,premium
21,2024-01-12 16:47:40,1,47.0,phone case,great product fast shipping,64,1212,38061.07,DE,premium
21,2024-01-12 17:01:47,1,39.95,backpack,great product fast shipping,68,158,53626.14,CA,free
21,2024-01-12 18:29:09,1,30.04,bluetooth speaker,excellent quality would buy again,63,783,63555.92,DE,premium
21,2024-01-12 18:49:04,0,34.11,running shoes,arrived damaged poor packaging,22,1694,40993.98,CA,free
21,2024-01-12 20:56:40,0,28.67,backpack,not worth the price disappointed,40,1455,44105.09,DE,free
21,2024-01-12 21:13:10,0,24.56,bluetooth speaker,amazing value highly recommend,58,767,53392.26,AU,basic
21,2024-01-12 22:42:16,1,28.75,yoga mat,great product fast shipping,59,1960,40245.22,CA,premium
21,2024-01-12 23:31:14,0,51.38,coffee maker,stopped working after a week,24,1119,39619.55,US,free
22,2024-02-18 02:14:30,1,37.37,desk lamp,not worth the price disappointed,68,944,34910.61,DE,premium
22,2024-02-18 02:51:40,0,17.91,running shoes,excellent quality would buy again,41,791,61522.99,FR,premium
22,2024-02-18 03:06:14,1,35.66,phone case,great product fast shipping,39,960,82567.66,US,basic
22,2024-02-18 03:13:05,0,17.54,wireless earbuds,amazing value highly recommend,46,289,44247.98,FR,basic
22,2024-02-18 03:33:45,1,137.37,bluetooth speaker,amazing value highly recommend,35,544,31028.71,DE,premium
22,2024-02-18 03:47:24,1,93.07,backpack,perfect fit very comfortable,62,974,30072.47,UK,premium
22,2024-02-18 06:10:47,0,53.98,phone case,great product fast shipping,40,1244,32695.9,UK,premium
22,2024-02-18 06:40:25,1,39.94,wireless earbuds,not worth the price disappointed,31,1730,35123.33,IN,premium
22,2024-02-18 07:18:46,1,52.64,wireless earbuds,not worth the price disappointed,49,30,83064.19,DE,basic
22,2024-02-18 09:37:07,0,11.83,wireless earbuds,arrived damaged poor packaging,54,290,59673.63,DE,free
22,2024-02-18 09:41:48,0,30.62,wireless earbuds,arrived damaged poor packaging,44,840,43806.68,DE,free
22,2024-02-18 09:53:00,0,14.37,water bottle,stopped working after a week,31,703,23950.62,UK,basic
22,2024-02-18 10:16:10,0,41.34,coffee maker,great product fast shipping,21,140,71499.99,UK,free
22,2024-02-18 10:37:27,1,62.32,coffee maker,not worth the price disappointed,21,1046,72573.24,AU,basic
22,2024-02-18 11:04:47,0,16.56,phone case,excellent quality would buy again,39,427,52037.52,DE,basic
22,2024-02-18 11:22:48,0,10.09,running shoes,amazing value highly recommend,25,1532,45427.45,FR,free
22,2024-02-18 12:12:01,0,33.49,water bottle,not worth the price disappointed,48,1905,59413.0,FR,basic
22,2024-02-18 14:39:49,1,13.98,wireless earbuds,excellent quality would buy again,35,747,48582.87,FR,premium
22,2024-02-18 14:45:09,1,190.32,water bottle,amazing value highly recommend,58,482,34819.18,IN,premium
22,2024-02-18 15:13:51,1,117.48,desk lamp,not worth the price disappointed,59,1383,39755.54,US,enterprise
22,2024-02-18 15:34:53,0,23.4,phone case,perfect fit very comfortable,47,197,77435.44,DE,basic
22,2024-02-18 16:34:51,1,33.42,laptop stand,amazing value highly recommend,21,1130,23785.93,IN,premium
22,2024-02-18 18:51:14,1,48.82,phone case,stopped working after a week,57,1015,42075.9,IN,premium
22,2024-02-18 21:55:45,0,19.7,backpack,perfect fit very comfortable,36,175,86370.68,CA,basic
22,2024-02-18 22:34:27,1,72.51,backpack,works as expected average experience,28,783,47235.75,IN,premium
22,2024-02-18 22:44:54,0,13.74,coffee maker,amazing value highly recommend,56,1080,46861.75,DE,free
22,2024-02-18 23:18:54,0,15.82,phone case,arrived damaged poor packaging,31,377,59800.33,IN,free
22,2024-02-18 23:21:42,0,35.47,running shoes,amazing value highly recommend,27,1343,33540.27,AU,free
23,2024-01-01 00:51:55,0,20.16,laptop stand,arrived damaged poor packaging,35,1083,24072.45,UK,premium
23,2024-01-01 02:17:08,0,56.83,bluetooth speaker,not worth the price disappointed,57,643,24892.8,CA,free
23,2024-01-01 03:33:00,0,14.45,bluetooth speaker,not worth the price disappointed,37,686,53013.58,US,basic
23,2024-01-01 03:40:57,0,32.1,running shoes,not worth the price disappointed,21,1975,57176.46,AU,free
23,2024-01-01 04:43:38,0,7.56,wireless earbuds,arrived damaged poor packaging,46,1391,33253.17,IN,free
23,2024-01-01 05:13:23,0,25.95,bluetooth speaker,not worth the price disappointed,39,656,66104.03,DE,free
23,2024-01-01 05:24:51,0,30.95,backpack,amazing value highly recommend,56,1293,40555.27,UK,premium
23,2024-01-01 05:54:38,1,48.53,wireless earbuds,amazing value highly recommend,41,1740,40572.25,DE,premium
23,2024-01-01 07:10:05,1,9.34,bluetooth speaker,not worth the price disappointed,51,105,48794.44,IN,free
23,2024-01-01 07:35:20,0,28.33,laptop stand,perfect fit very comfortable,29,405,75374.9,US,free
23,2024-01-01 07:36:32,0,70.39,water bottle,not worth the price disappointed,65,40,38521.23,AU,basic
23,2024-01-01 08:13:29,1,53.88,backpack,excellent quality would buy again,36,349,71010.64,DE,free
23,2024-01-01 08:25:15,0,75.72,wireless earbuds,arrived damaged poor packaging,27,608,35116.4,AU,free
23,2024-01-01 08:39:20,1,68.49,coffee maker,great product fast shipping,41,218,53834.3,IN,premium
23,2024-01-01 09:48:38,0,30.81,bluetooth speaker,works as expected average experience,49,160,20661.23,IN,premium
23,2024-01-01 10:02:29,0,18.25,yoga mat,perfect fit very comfortable,30,259,54666.17,US,basic
23,2024-01-01 10:21:14,0,23.0,backpack,works as expected average experience,21,402,119739.24,US,free
23,2024-01-01 11:22:45,1,84.14,running shoes,amazing value highly recommend,65,596,58915.67,US,free
23,2024-01-01 11:27:16,0,31.7,running shoes,excellent quality would buy again,64,233,44397.44,DE,enterprise
23,2024-01-01 12:18:20,1,2.85,coffee maker,works as expected average experience,50,1291,45951.14,CA,premium
23,2024-01-01 12:37:58,1,54.87,backpack,not worth the price disappointed,45,1570,55344.96,CA,basic
23,2024-01-01 12:42:42,1,46.21,running shoes,stopped working after a week,29,1514,33607.1,AU,free
23,2024-01-01 13:07:43,1,78.86,wireless earbuds,excellent quality would buy again,33,1680,48372.12,CA,basic
23,2024-01-01 13:10:46,1,27.9,backpack,stopped working after a week,32,906,47466.91,FR,basic
23,2024-01-01 13:23:58,1,21.39,laptop stand,not worth the price disappointed,65,1386,104044.79,IN,basic
23,2024-01-01 13:34:42,1,12.86,phone case,great product fast shipping,20,549,40037.83,IN,premium
23,2024-01-01 13:44:20,0,4.93,backpack,excellent quality would buy again,53,1458,51364.09,IN,basic
23,2024-01-01 14:05:29,0,4.94,wireless earbuds,amazing value highly recommend,48,568,29567.53,AU,free
23,2024-01-01 14:07:09,0,17.38,wireless earbuds,works as expected average experience,34,512,31118.46,DE,enterprise
23,2024-01-01 14:09:11,1,43.19,desk lamp,great product fast shipping,36,572,57970.73,IN,enterprise
23,2024-01-01 14:26:15,1,10.86,desk lamp,works as expected average experience,38,1940,32552.76,US,free
23,2024-01-01 14:47:58,1,36.99,coffee maker,amazing value highly recommend,18,1317,48003.68,DE,free
23,2024-01-01 15:01:27,1,13.84,yoga mat,not worth the price disappointed,19,338,47923.2,IN,free
23,2024-01-01 15:33:02,1,51.46,running shoes,works as expected average experience,51,516,59511.37,UK,basic
23,2024-01-01 15:39:30,0,17.68,bluetooth speaker,works as expected average experience,28,1915,53419.61,DE,free
23,2024-01-01 16:50:52,1,40.34,phone case,stopped working after a week,24,678,80504.36,DE,basic
23,2024-01-01 17:40:51,1,149.75,desk lamp,excellent quality would buy again,63,1235,33170.73,FR,enterprise
23,2024-01-01 18:53:54,0,62.27,coffee maker,excellent quality would buy again,58,390,45045.43,FR,free
23,2024-01-01 19:23:57,1,11.91,laptop stand,works as expected average experience,38,553,45151.28,US,basic
23,2024-01-01 20:09:45,0,16.09,bluetooth speaker,great product fast shipping,58,517,45279.23,CA,free
23,2024-01-01 22:05:27,1,49.1,desk lamp,not worth the price disappointed,24,1897,52322.17,FR,basic
23,2024-01-01 22:46:45,0,88.54,phone case,amazing value highly recommend,26,1032,60949.65,US,basic
23,2024-01-01 23:04:57,0,36.65,laptop stand,great product fast shipping,48,944,45871.06,US,premium
24,2024-02-17 00:21:08,1,34.63,phone case,great product fast shipping,52,701,49309.24,UK,premium
24,2024-02-17 00:59:59,1,84.1,desk lamp,stopped working after a week,50,1871,68841.12,FR,premium
24,2024-02-17 01:20:01,0,16.25,phone case,amazing value highly recommend,44,919,51022.51,AU,basic
24,2024-02-17 01:20:33,1,259.31,desk lamp,works as expected average experience,39,1691,30276.17,UK,premium
24,2024-02-17 01:35:49,1,64.14,desk lamp,not worth the price disappointed,53,41,34108.73,AU,premium
24,2024-02-17 01:43:45,0,18.17,phone case,great product fast shipping,21,862,30410.59,US,premium
24,2024-02-17 01:51:48,1,3.63,laptop stand,excellent quality would buy again,62,1037,55937.84,FR,premium
24,2024-02-17 02:46:50,1,69.56,bluetooth speaker,perfect fit very comfortable,69,587,46576.76,DE,basic
24,2024-02-17 03:04:42,1,88.96,yoga mat,great product fast shipping,65,811,60410.96,FR,basic
24,2024-02-17 04:09:06,0,33.47,desk lamp,not worth the price disappointed,44,1865,39329.47,UK,free
24,2024-02-17 05:54:07,1,72.01,water bottle,excellent quality would buy again,60,1540,32246.18,FR,basic
24,2024-02-17 06:27:01,1,57.86,backpack,great product fast shipping,28,1638,42512.24,IN,premium
24,2024-02-17 06:44:04,0,23.39,coffee maker,great product fast shipping,44,114,57817.96,IN,basic
24,2024-02-17 07:32:00,1,40.82,backpack,amazing value highly recommend,40,1387,61516.72,DE,enterprise
24,2024-02-17 07:32:48,0,9.35,phone case,arrived damaged poor packaging,66,1615,40054.59,FR,free
24,2024-02-17 08:01:08,1,22.32,bluetooth speaker,excellent quality would buy again,65,37,34841.52,AU,enterprise
24,2024-02-17 09:12:51,1,86.67,yoga mat,excellent quality would buy again,42,422,36159.94,FR,enterprise
24,2024-02-17 09:57:54,1,197.85,wireless earbuds,amazing value highly recommend,46,1702,48880.06,DE,premium
24,2024-02-17 10:28:48,1,49.25,coffee maker,stopped working after a week,22,418,69460.81,US,premium
24,2024-02-17 11:42:05,0,155.76,laptop stand,stopped working after a week,61,625,62958.09,AU,free
24,2024-02-17 11:51:33,0,23.54,desk lamp,great product fast shipping,39,736,59683.15,FR,premium
24,2024-02-17 12:05:13,1,41.33,wireless earbuds,arrived damaged poor packaging,45,672,41797.62,UK,free
24,2024-02-17 12:27:46,1,47.34,yoga mat,great product fast shipping,29,599,35794.37,CA,basic
24,2024-02-17 12:29:11,0,44.27,laptop stand,works as expected average experience,36,1839,46341.01,FR,free
24,2024-02-17 13:34:01,1,44.5,yoga mat,amazing value highly recommend,43,558,35355.71,FR,basic
24,2024-02-17 16:56:52,0,26.29,coffee maker,perfect fit very comfortable,56,579,85442.62,US,basic
24,2024-02-17 17:32:19,1,93.02,bluetooth speaker,perfect fit very comfortable,26,330,18721.88,FR,enterprise
24,2024-02-17 17:36:05,1,47.79,bluetooth speaker,arrived damaged poor packaging,19,1474,28497.0,DE,premium
24,2024-02-17 17:49:28,0,41.4,backpack,works as expected average experience,32,1136,57728.0,FR,free
24,2024-02-17 19:11:48,1,204.78,coffee maker,amazing value highly recommend,43,1474,73867.9,AU,premium
24,2024-02-17 19:43:30,1,22.37,yoga mat,not worth the price disappointed,34,1109,56230.2,FR,free
24,2024-02-17 19:51:07,1,44.39,backpack,arrived damaged poor packaging,47,1153,51731.86,UK,free
24,2024-02-17 20:05:49,1,82.53,yoga mat,perfect fit very comfortable,46,1450,81217.47,DE,free
24,2024-02-17 20:12:28,0,25.92,yoga mat,not worth the price disappointed,66,221,31533.07,CA,free
24,2024-02-17 20:24:19,0,80.15,water bottle,perfect fit very comfortable,30,1471,43296.74,AU,free
24,2024-02-17 20:33:25,1,45.79,laptop stand,not worth the price disappointed,29,1786,33801.57,IN,premium
24,2024-02-17 20:50:40,0,22.07,desk lamp,perfect fit very comfortable,65,443,66231.89,CA,free
24,2024-02-17 21:16:25,0,6.77,coffee maker,amazing value highly recommend,23,1310,45388.01,FR,basic
24,2024-02-17 21:40:00,0,98.99,bluetooth speaker,perfect fit very comfortable,45,1844,79816.67,US,enterprise
24,2024-02-17 22:06:19,0,33.47,bluetooth speaker,amazing value highly recommend,28,1553,43602.58,UK,free
25,2024-02-17 00:15:26,0,15.24,phone case,great product fast shipping,65,761,102885.65,UK,free
25,2024-02-17 01:50:19,0,16.09,backpack,perfect fit very comfortable,59,808,76095.67,FR,premium
25,2024-02-17 02:52:19,1,50.07,running shoes,arrived damaged poor packaging,18,711,54107.34,DE,free
25,2024-02-17 03:27:26,1,76.68,phone case,perfect fit very comfortable,58,473,69442.95,FR,premium
25,2024-02-17 03:41:12,1,90.58,laptop stand,great product fast shipping,51,1216,73370.46,FR,premium
25,2024-02-17 03:55:48,1,54.45,yoga mat,not worth the price disappointed,63,1069,45164.71,UK,premium
25,2024-02-17 03:58:54,1,38.79,yoga mat,works as expected average experience,34,1628,33339.73,FR,premium
25,2024-02-17 05:01:02,0,19.04,backpack,perfect fit very comfortable,48,878,42788.86,UK,free
25,2024-02-17 05:44:46,1,82.45,water bottle,arrived damaged poor packaging,31,1478,42141.41,DE,basic
25,2024-02-17 07:27:47,0,35.44,backpack,arrived damaged poor packaging,22,873,45857.92,AU,basic
25,2024-02-17 08:00:25,1,63.4,desk lamp,stopped working after a week,66,1945,75797.26,AU,premium
25,2024-02-17 08:45:29,1,107.33,phone case,works as expected average experience,41,1406,74390.61,US,free
25,2024-02-17 08:56:03,0,26.67,bluetooth speaker,perfect fit very comfortable,54,1315,62044.46,FR,basic
25,2024-02-17 09:18:29,0,28.44,coffee maker,not worth the price disappointed,34,1422,29025.46,US,free
25,2024-02-17 10:01:33,0,12.83,backpack,stopped working after a week,54,1245,34050.76,DE,free
25,2024-02-17 10:11:14,0,22.35,laptop stand,works as expected average experience,42,1576,21266.44,FR,basic
25,2024-02-17 10:47:23,1,40.8,yoga mat,excellent quality would buy again,43,1137,45284.64,CA,free
25,2024-02-17 11:12:05,1,55.77,yoga mat,arrived damaged poor packaging,67,1948,49251.28,FR,enterprise
25,2024-02-17 12:02:30,0,37.92,backpack,amazing value highly recommend,67,1334,32353.61,UK,free
25,2024-02-17 12:11:58,0,5.61,running shoes,perfect fit very comfortable,18,47,59480.89,IN,premium
25,2024-02-17 12:36:07,1,60.31,wireless earbuds,stopped working after a week,68,102,52071.73,CA,basic
25,2024-02-17 14:25:12,1,33.43,coffee maker,works as expected average experience,38,936,101141.91,UK,basic
25,2024-02-17 15:22:52,0,28.48,running shoes,great product fast shipping,69,737,61101.35,IN,free
25,2024-02-17 16:02:34,0,4.92,bluetooth speaker,amazing value highly recommend,51,1940,103029.34,IN,free
25,2024-02-17 16:11:56,0,28.76,phone case,perfect fit very comfortable,29,1986,27108.53,FR,free
25,2024-02-17 16:30:14,1,64.56,water bottle,amazing value highly recommend,32,868,67597.42,DE,free
25,2024-02-17 16:55:47,1,65.05,water bottle,excellent quality would buy again,52,1981,59984.3,US,free
25,2024-02-17 17:01:12,1,46.32,bluetooth speaker,excellent quality would buy again,20,1288,45860.34,AU,basic
25,2024-02-17 17:04:34,0,32.14,bluetooth speaker,perfect fit very comfortable,26,793,70239.18,AU,basic
25,2024-02-17 18:04:25,1,108.16,phone case,stopped working after a week,46,1067,56297.79,AU,basic
25,2024-02-17 18:09:23,0,110.13,phone case,stopped working after a week,38,74,37805.38,US,premium
25,2024-02-17 18:29:39,1,303.07,backpack,amazing value highly recommend,57,1573,37663.01,AU,basic
25,2024-02-17 18:31:49,0,32.24,running shoes,amazing value highly recommend,40,802,49212.02,CA,premium
25,2024-02-17 20:04:16,0,5.76,coffee maker,amazing value highly recommend,56,1331,34252.72,DE,enterprise
25,2024-02-17 22:12:56,0,6.4,coffee maker,perfect fit very comfortable,51,1194,60278.16,CA,free
25,2024-02-17 23:00:08,1,73.68,phone case,perfect fit very comfortable,18,1962,30970.8,US,enterprise
25,2024-02-17 23:53:28,0,9.56,water bottle,excellent quality would buy again,21,866,53954.48,DE,free
26,2024-02-16 00:59:22,0,24.93,yoga mat,excellent quality would buy again,41,1086,66044.76,DE,free
26,2024-02-16 01:04:17,0,20.26,phone case,perfect fit very comfortable,20,936,42811.55,CA,basic
26,2024-02-16 01:55:16,1,27.36,running shoes,amazing value highly recommend,27,298,36884.2,DE,free
26,2024-02-16 03:23:53,1,108.21,desk lamp,works as expected average experience,32,1257,48607.44,US,premium
26,2024-02-16 03:36:58,0,30.9,laptop stand,amazing value highly recommend,57,848,39510.59,AU,basic
26,2024-02-16 04:20:32,1,62.32,phone case,perfect fit very comfortable,40,1582,30213.46,AU,premium
26,2024-02-16 04:37:17,1,81.33,bluetooth speaker,excellent quality would buy again,42,131,37894.94,US,premium
26,2024-02-16 04:48:41,1,116.28,yoga mat,works as expected average experience,41,72,37224.4,CA,basic
26,2024-02-16 05:35:18,1,56.53,desk lamp,perfect fit very comfortable,42,1979,87345.71,CA,basic
26,2024-02-16 05:51:28,0,9.72,water bottle,not worth the price disappointed,26,1223,60933.77,AU,premium
26,2024-02-16 07:21:08,0,26.6,bluetooth speaker,excellent quality would buy again,47,962,30193.63,DE,free
26,2024-02-16 07:53:10,0,13.73,water bottle,stopped working after a week,30,455,58773.37,UK,enterprise
26,2024-02-16 09:25:18,0,62.25,bluetooth speaker,great product fast shipping,34,1684,42447.91,UK,premium
26,2024-02-16 10:24:38,0,4.7,phone case,perfect fit very comfortable,42,987,50078.24,AU,basic
26,2024-02-16 10:45:28,0,24.28,laptop stand,not worth the price disappointed,67,1233,48900.05,FR,basic
26,2024-02-16 11:15:49,0,18.93,backpack,not worth the price disappointed,61,116,32730.95,UK,basic
26,2024-02-16 11:30:47,1,49.58,water bottle,amazing value highly recommend,53,1545,83477.62,UK,premium
26,2024-02-16 12:04:10,1,81.09,running shoes,amazing value highly recommend,66,1569,40256.48,IN,free
26,2024-02-16 13:20:35,1,116.4,wireless earbuds,arrived damaged poor packaging,53,1464,46262.1,IN,free
26,2024-02-16 15:10:12,0,9.14,bluetooth speaker,works as expected average experience,34,1930,39773.92,DE,free
26,2024-02-16 15:37:21,0,251.02,running shoes,great product fast shipping,57,1424,45785.95,CA,premium
26,2024-02-16 18:07:40,1,118.43,backpack,amazing value highly recommend,27,413,40015.93,CA,free
26,2024-02-16 19:14:20,1,24.98,bluetooth speaker,not worth the price disappointed,60,285,48010.49,AU,enterprise
26,2024-02-16 20:03:03,0,30.21,wireless earbuds,amazing value highly recommend,69,1760,63937.91,IN,free
26,2024-02-16 20:08:15,1,14.9,yoga mat,amazing value highly recommend,43,1447,66557.28,CA,premium
26,2024-02-16 20:13:50,0,16.34,laptop stand,amazing value highly recommend,44,124,62898.71,FR,premium
26,2024-02-16 21:46:13,1,21.9,running shoes,amazing value highly recommend,28,322,48949.16,CA,basic
26,2024-02-16 22:03:15,1,34.26,laptop stand,perfect fit very comfortable,47,240,29241.32,UK,premium
26,2024-02-16 22:05:19,1,37.34,desk lamp,amazing value highly recommend,36,1380,43212.51,DE,enterprise
26,2024-02-16 22:34:38,1,57.24,laptop stand,amazing value highly recommend,40,1958,41444.55,US,enterprise
26,2024-02-16 22:59:32,1,87.13,yoga mat,arrived damaged poor packaging,25,203,48194.49,FR,basic
26,2024-02-16 23:44:21,1,42.91,water bottle,excellent quality would buy again,25,420,31888.27,US,free
26,2024-02-16 23:46:03,1,48.63,phone case,not worth the price disappointed,18,547,71105.97,FR,free
27,2024-02-09 00:20:01,1,23.25,backpack,not worth the price disappointed,41,598,40844.7,FR,free
27,2024-02-09 01:23:40,1,116.81,phone case,excellent quality would buy again,18,1507,60126.97,UK,basic
27,2024-02-09 02:01:07,0,28.6,laptop stand,perfect fit very comfortable,40,319,37796.72,IN,basic
27,2024-02-09 04:39:55,1,6.9,water bottle,not worth the price disappointed,68,861,64771.29,CA,premium
27,2024-02-09 05:50:52,1,53.04,bluetooth speaker,stopped working after a week,48,1364,59946.76,US,free
27,2024-02-09 06:27:10,0,19.78,running shoes,arrived damaged poor packaging,39,1691,63543.39,AU,basic
27,2024-02-09 07:00:33,0,31.94,coffee maker,stopped working after a week,60,1026,30861.14,AU,basic
27,2024-02-09 07:56:47,0,7.47,wireless earbuds,stopped working after a week,36,1339,37303.45,AU,free
27,2024-02-09 08:07:22,1,19.97,laptop stand,perfect fit very comfortable,46,517,43334.07,DE,premium
27,2024-02-09 08:47:54,0,10.45,bluetooth speaker,works as expected average experience,30,782,48678.56,CA,basic
27,2024-02-09 08:52:36,1,178.66,backpack,stopped working after a week,37,1093,37986.46,FR,basic
27,2024-02-09 09:45:48,1,41.79,desk lamp,works as expected average experience,38,317,27119.13,FR,premium
27,2024-02-09 10:20:26,1,32.67,yoga mat,perfect fit very comfortable,68,828,37922.96,US,free
27,2024-02-09 11:34:54,0,26.45,coffee maker,not worth the price disappointed,55,1080,24735.75,CA,free
27,2024-02-09 11:45:53,1,58.25,wireless earbuds,perfect fit very comfortable,55,1011,45455.34,FR,basic
27,2024-02-09 11:50:20,1,13.09,water bottle,arrived damaged poor packaging,48,396,71594.18,US,basic
27,2024-02-09 12:06:53,1,20.87,bluetooth speaker,amazing value highly recommend,54,889,71794.14,FR,basic
27,2024-02-09 12:45:08,1,114.42,yoga mat,great product fast shipping,41,713,90003.95,IN,enterprise
27,2024-02-09 12:56:55,1,98.04,phone case,great product fast shipping,44,1209,36662.49,IN,enterprise
27,2024-02-09 13:20:53,0,16.56,laptop stand,great product fast shipping,62,1851,44728.25,DE,free
27,2024-02-09 14:04:28,1,42.4,water bottle,amazing value highly recommend,39,1130,40775.15,DE,premium
27,2024-02-09 14:43:54,0,16.11,laptop stand,excellent quality would buy again,19,994,51084.82,CA,free
27,2024-02-09 15:18:07,1,18.95,running shoes,excellent quality would buy again,53,601,60378.32,UK,basic
27,2024-02-09 15:34:46,0,8.86,yoga mat,excellent quality would buy again,44,91,46316.21,DE,basic
27,2024-02-09 16:05:05,0,24.94,water bottle,stopped working after a week,66,1696,33378.4,AU,free
27,2024-02-09 16:32:23,1,35.9,yoga mat,not worth the price disappointed,42,772,27634.86,AU,premium
27,2024-02-09 17:21:28,0,16.28,bluetooth speaker,great product fast shipping,55,999,65913.23,FR,basic
27,2024-02-09 17:23:55,0,8.48,desk lamp,amazing value highly recommend,29,709,108484.7,US,premium
27,2024-02-09 17:50:52,1,80.48,desk lamp,great product fast shipping,55,1273,72431.09,DE,basic
27,2024-02-09 18:18:34,1,21.57,bluetooth speaker,not worth the price disappointed,40,93,38742.25,IN,basic
27,2024-02-09 18:26:49,0,23.37,water bottle,excellent quality would buy again,32,1400,40613.4,FR,free
27,2024-02-09 19:03:59,0,4.96,water bottle,amazing value highly recommend,52,1055,41469.54,CA,free
27,2024-02-09 20:10:26,0,23.18,backpack,perfect fit very comfortable,27,793,29920.12,UK,basic
27,2024-02-09 20:14:46,1,72.54,phone case,great product fast shipping,44,809,33025.9,US,free
27,2024-02-09 20:16:02,0,5.15,backpack,arrived damaged poor packaging,46,336,49273.2,UK,basic
27,2024-02-09 20:26:54,1,82.03,water bottle,stopped working after a week,52,415,67128.24,AU,basic
27,2024-02-09 20:29:56,0,41.47,running shoes,stopped working after a week,28,185,20176.01,AU,free
27,2024-02-09 21:08:54,0,18.25,coffee maker,great product fast shipping,69,1808,27276.17,IN,free
27,2024-02-09 21:49:45,0,142.26,running shoes,arrived damaged poor packaging,39,905,40566.01,US,basic
27,2024-02-09 22:21:12,1,54.22,coffee maker,works as expected average experience,64,573,28023.46,CA,premium
27,2024-02-09 23:53:40,0,8.78,water bottle,stopped working after a week,22,640,100064.55,AU,basic
28,2024-01-29 00:12:18,0,21.58,yoga mat,arrived damaged poor packaging,53,1919,55114.09,FR,free
28,2024-01-29 00:31:35,0,15.22,backpack,works as expected average experience,23,335,76666.35,FR,basic
28,2024-01-29 00:35:44,1,35.58,running shoes,arrived damaged poor packaging,18,474,100529.54,US,basic
28,2024-01-29 02:31:10,0,52.3,backpack,perfect fit very comfortable,48,986,42414.03,DE,free
28,2024-01-29 02:53:02,0,14.66,water bottle,not worth the price disappointed,61,573,64149.35,IN,enterprise
28,2024-01-29 03:25:03,0,29.26,backpack,arrived damaged poor packaging,40,1656,85585.85,AU,premium
28,2024-01-29 04:15:36,1,63.77,bluetooth speaker,perfect fit very comfortable,35,1818,46683.06,IN,free
28,2024-01-29 04:35:54,0,17.08,phone case,stopped working after a week,21,1642,22756.61,CA,free
28,2024-01-29 06:13:12,0,23.84,laptop stand,stopped working after a week,38,1645,28578.74,AU,premium
28,2024-01-29 07:19:10,0,9.8,bluetooth speaker,not worth the price disappointed,33,1830,55309.01,DE,enterprise
28,2024-01-29 07:22:51,0,11.58,wireless earbuds,works as expected average experience,63,858,36788.18,UK,basic
28,2024-01-29 07:35:42,1,51.06,bluetooth speaker,works as expected average experience,64,1927,45738.17,UK,premium
28,2024-01-29 08:07:57,1,23.99,desk lamp,amazing value highly recommend,60,995,62111.03,IN,premium
28,2024-01-29 08:10:27,0,15.39,bluetooth speaker,stopped working after a week,39,317,63638.25,AU,basic
28,2024-01-29 09:13:16,0,27.27,water bottle,works as expected average experience,68,122,58983.67,DE,free
28,2024-01-29 09:23:45,1,61.26,running shoes,excellent quality would buy again,27,938,27351.44,US,free
28,2024-01-29 09:33:54,1,59.84,yoga mat,amazing value highly recommend,33,643,29740.3,UK,free
28,2024-01-29 10:05:11,1,12.09,coffee maker,amazing value highly recommend,18,1256,61011.82,IN,free
28,2024-01-29 10:45:25,0,7.15,desk lamp,not worth the price disappointed,26,177,45988.21,DE,basic
28,2024-01-29 11:58:17,0,41.31,wireless earbuds,amazing value highly recommend,58,1034,46633.28,CA,basic
28,2024-01-29 12:24:28,1,35.03,water bottle,amazing value highly recommend,27,1712,49749.75,CA,enterprise
28,2024-01-29 12:45:13,0,29.85,laptop stand,arrived damaged poor packaging,65,253,60458.41,UK,premium
28,2024-01-29 13:35:47,1,18.87,backpack,amazing value highly recommend,51,197,57601.15,UK,basic
28,2024-01-29 13:59:24,0,15.08,water bottle,excellent quality would buy again,61,1145,52585.68,US,free
28,2024-01-29 14:05:27,1,75.34,laptop stand,excellent quality would buy again,38,455,60332.53,FR,free
28,2024-01-29 14:21:48,0,12.79,water bottle,excellent quality would buy again,40,1347,50337.47,AU,premium
28,2024-01-29 14:35:27,1,73.46,laptop stand,amazing value highly recommend,60,893,33443.49,DE,premium
28,2024-01-29 15:05:43,1,24.51,water bottle,perfect fit very comfortable,49,954,54782.79,CA,free
28,2024-01-29 15:08:23,0,22.95,coffee maker,perfect fit very comfortable,56,884,42690.62,FR,free
28,2024-01-29 16:34:45,0,7.58,bluetooth speaker,stopped working after a week,60,220,35350.56,DE,basic
28,2024-01-29 20:21:05,1,73.44,wireless earbuds,excellent quality would buy again,58,1316,29559.1,AU,enterprise
28,2024-01-29 20:24:23,1,35.94,desk lamp,perfect fit very comfortable,27,1143,47505.02,UK,enterprise
28,2024-01-29 22:00:57,1,265.84,yoga mat,arrived damaged poor packaging,53,920,48640.14,UK,free
28,2024-01-29 22:15:32,1,20.42,wireless earbuds,works as expected average experience,24,723,80778.6,DE,free
28,2024-01-29 23:57:25,1,63.78,coffee maker,works as expected average experience,20,478,87152.32,IN,premium
29,2024-02-12 00:10:31,0,17.83,laptop stand,excellent quality would buy again,32,1681,44637.86,AU,basic
29,2024-02-12 01:46:48,1,63.58,yoga mat,stopped working after a week,24,392,30882.74,FR,enterprise
29,2024-02-12 02:44:18,1,18.89,phone case,excellent quality would buy again,67,433,56901.26,DE,free
29,2024-02-12 04:05:12,1,56.24,laptop stand,arrived damaged poor packaging,32,1932,46819.26,CA,free
29,2024-02-12 06:40:21,1,95.39,coffee maker,perfect fit very comfortable,40,1144,85184.73,US,free
29,2024-02-12 06:50:00,0,30.56,backpack,not worth the price disappointed,21,727,39129.43,AU,premium
29,2024-02-12 09:58:21,0,23.28,wireless earbuds,great product fast shipping,53,1007,61731.65,UK,premium
29,2024-02-12 10:33:43,1,194.13,phone case,great product fast shipping,50,733,75022.27,AU,free
29,2024-02-12 11:03:27,1,99.7,running shoes,great product fast shipping,62,374,41068.24,UK,basic
29,2024-02-12 11:27:36,1,39.23,backpack,great product fast shipping,25,359,55564.56,US,basic
29,2024-02-12 12:10:14,1,61.12,running shoes,excellent quality would buy again,45,943,53473.31,IN,basic
29,2024-02-12 12:21:42,0,39.41,desk lamp,not worth the price disappointed,37,1274,43101.16,UK,basic
29,2024-02-12 12:37:11,0,22.9,bluetooth speaker,not worth the price disappointed,18,73,39574.55,IN,free
29,2024-02-12 13:16:28,1,5.73,yoga mat,not worth the price disappointed,19,1828,52465.24,CA,free
29,2024-02-12 14:53:18,1,34.1,desk lamp,great product fast shipping,52,1589,49147.34,FR,premium
29,2024-02-12 14:57:38,1,36.08,water bottle,perfect fit very comfortable,34,499,29933.49,FR,enterprise
29,2024-02-12 15:12:37,1,23.42,laptop stand,stopped working after a week,33,379,64050.92,FR,basic
29,2024-02-12 15:35:31,0,30.03,desk lamp,perfect fit very comfortable,49,611,41863.31,CA,basic
29,2024-02-12 15:37:16,1,141.63,water bottle,not worth the price disappointed,19,533,47858.21,UK,basic
29,2024-02-12 16:52:22,1,33.55,desk lamp,not worth the price disappointed,38,1290,89805.32,IN,basic
29,2024-02-12 17:07:24,1,43.04,yoga mat,excellent quality would buy again,48,869,58173.78,IN,free
29,2024-02-12 17:17:48,1,32.18,phone case,excellent quality would buy again,56,1928,51479.65,FR,basic
29,2024-02-12 17:34:40,0,18.0,backpack,great product fast shipping,42,875,55092.06,AU,free
29,2024-02-12 18:16:27,0,26.47,wireless earbuds,arrived damaged poor packaging,58,209,47791.09,US,premium
29,2024-02-12 18:46:05,0,65.26,bluetooth speaker,arrived damaged poor packaging,24,775,39948.34,DE,enterprise
29,2024-02-12 19:15:58,0,16.02,yoga mat,arrived damaged poor packaging,24,359,52829.94,AU,premium
29,2024-02-12 19:25:16,1,79.24,desk lamp,amazing value highly recommend,53,648,75562.86,IN,free
29,2024-02-12 20:48:11,1,33.06,water bottle,great product fast shipping,22,1671,100124.8,AU,enterprise
29,2024-02-12 21:05:47,0,6.52,running shoes,works as expected average experience,40,311,36365.75,US,premium
29,2024-02-12 21:40:47,1,16.36,running shoes,arrived damaged poor packaging,28,1876,47500.54,AU,free
29,2024-02-12 23:07:01,1,30.22,laptop stand,amazing value highly recommend,59,1244,124229.17,UK,premium
29,2024-02-12 23:33:48,1,52.84,running shoes,excellent quality would buy again,25,103,33725.05,UK,basic
29,2024-02-12 23:38:03,1,60.93,yoga mat,stopped working after a week,56,1024,51596.1,UK,enterprise
30,2024-01-17 00:06:47,1,39.37,phone case,not worth the price disappointed,49,1327,37403.01,IN,basic
30,2024-01-17 00:58:57,0,20.71,coffee maker,excellent quality would buy again,30,1417,63648.76,IN,basic
30,2024-01-17 01:46:36,1,78.72,bluetooth speaker,great product fast shipping,54,1634,27735.74,UK,basic
30,2024-01-17 02:02:08,1,51.1,bluetooth speaker,great product fast shipping,46,465,54005.74,CA,basic
30,2024-01-17 02:34:26,1,74.21,water bottle,great product fast shipping,24,1656,27176.82,FR,enterprise
30,2024-01-17 02:58:22,1,63.05,phone case,amazing value highly recommend,33,136,82837.83,IN,basic
30,2024-01-17 03:41:46,1,87.72,laptop stand,excellent quality would buy again,32,1900,27070.53,UK,free
30,2024-01-17 05:48:21,1,31.31,laptop stand,works as expected average experience,30,362,52648.86,CA,premium
30,2024-01-17 06:55:02,1,69.1,phone case,stopped working after a week,32,979,51632.14,CA,premium
30,2024-01-17 07:08:47,1,36.56,yoga mat,great product fast shipping,38,917,29350.74,DE,premium
30,2024-01-17 07:48:22,0,150.57,backpack,arrived damaged poor packaging,45,955,54519.7,US,free
30,2024-01-17 08:18:56,1,129.72,wireless earbuds,great product fast shipping,23,302,84618.19,FR,free
30,2024-01-17 09:52:40,0,24.6,running shoes,excellent quality would buy again,48,85,65839.44,IN,premium
30,2024-01-17 10:00:15,1,51.55,water bottle,excellent quality would buy again,59,1974,37127.15,IN,premium
30,2024-01-17 11:09:33,0,7.84,water bottle,great product fast shipping,30,1608,58947.55,IN,basic
30,2024-01-17 11:45:10,0,8.42,phone case,perfect fit very comfortable,51,1681,68236.37,US,free
30,2024-01-17 12:11:46,1,33.41,water bottle,amazing value highly recommend,28,1449,41246.92,CA,basic
30,2024-01-17 15:17:17,0,20.47,desk lamp,amazing value highly recommend,65,915,73293.05,IN,free
30,2024-01-17 15:35:45,0,82.98,laptop stand,works as expected average experience,33,164,30201.71,US,free
30,2024-01-17 15:41:54,0,88.72,backpack,amazing value highly recommend,32,1841,50750.79,FR,free
30,2024-01-17 17:36:36,0,44.13,water bottle,works as expected average experience,58,513,36410.98,US,enterprise
30,2024-01-17 17:59:58,0,25.9,backpack,excellent quality would buy again,52,1773,60220.69,UK,basic
30,2024-01-17 18:39:22,1,104.46,phone case,excellent quality would buy again,41,922,35397.45,FR,free
30,2024-01-17 19:02:54,1,21.46,backpack,arrived damaged poor packaging,45,938,46819.46,UK,premium
30,2024-01-17 19:42:55,1,111.87,laptop stand,perfect fit very comfortable,66,1435,31911.54,FR,free
30,2024-01-17 20:38:09,1,27.91,bluetooth speaker,perfect fit very comfortable,45,338,51337.93,DE,premium
30,2024-01-17 21:00:00,1,27.88,coffee maker,great product fast shipping,36,393,67531.13,CA,premium
30,2024-01-17 23:04:35,0,21.36,yoga mat,great product fast shipping,46,1173,25528.85,UK,free
30,2024-01-17 23:07:05,1,51.63,coffee maker,perfect fit very comfortable,65,758,60782.94,AU,basic
30,2024-01-17 23:16:32,0,40.41,coffee maker,amazing value highly recommend,44,1312,45925.06,FR,premium
30,2024-01-17 23:17:18,1,68.32,desk lamp,excellent quality would buy again,62,218,73435.02,AU,premium
30,2024-01-17 23:28:12,1,57.16,desk lamp,perfect fit very comfortable,54,103,59247.24,DE,premium
30,2024-01-17 23:37:47,1,48.79,running shoes,stopped working after a week,64,248,56483.58,IN,basic
30,2024-01-17 23:39:10,0,137.8,laptop stand,not worth the price disappointed,40,177,52849.36,US,basic
31,2024-02-16 00:11:41,1,45.21,phone case,amazing value highly recommend,23,936,35107.82,CA,premium
31,2024-02-16 00:53:14,1,45.89,yoga mat,excellent quality would buy again,25,444,72063.31,FR,free
31,2024-02-16 01:10:07,0,22.43,running shoes,works as expected average experience,49,1507,52853.88,AU,free
31,2024-02-16 01:19:16,0,25.62,desk lamp,great product fast shipping,66,1324,69636.83,DE,free
31,2024-02-16 02:37:21,0,166.75,bluetooth speaker,excellent quality would buy again,35,146,43893.49,IN,free
31,2024-02-16 05:19:34,1,40.28,running shoes,works as expected average experience,59,1244,87088.1,DE,premium
31,2024-02-16 05:43:16,1,48.63,water bottle,great product fast shipping,49,1336,34825.91,UK,free
31,2024-02-16 06:23:10,0,16.57,bluetooth speaker,perfect fit very comfortable,34,166,23772.79,FR,free
31,2024-02-16 08:51:19,0,25.8,bluetooth speaker,excellent quality would buy again,36,861,59539.08,FR,free
31,2024-02-16 08:56:41,0,62.18,yoga mat,excellent quality would buy again,49,1323,55882.77,AU,free
31,2024-02-16 09:09:49,1,44.13,bluetooth speaker,perfect fit very comfortable,34,1567,33528.55,US,free
31,2024-02-16 09:26:32,0,104.38,phone case,not worth the price disappointed,51,414,39270.5,AU,basic
31,2024-02-16 10:40:02,1,54.14,bluetooth speaker,works as expected average experience,64,806,55691.37,CA,premium
31,2024-02-16 12:58:11,1,28.79,wireless earbuds,excellent quality would buy again,47,1643,51253.45,DE,premium
31,2024-02-16 13:19:51,1,37.2,running shoes,arrived damaged poor packaging,29,1199,41525.81,AU,free
31,2024-02-16 15:46:07,1,23.41,yoga mat,works as expected average experience,61,1521,79456.86,CA,enterprise
31,2024-02-16 16:12:26,1,49.39,laptop stand,not worth the price disappointed,62,1546,39287.84,US,premium
31,2024-02-16 17:07:05,1,30.37,bluetooth speaker,amazing value highly recommend,61,558,83495.31,DE,basic
31,2024-02-16 17:44:46,1,64.82,bluetooth speaker,stopped working after a week,38,1682,54995.38,AU,premium
31,2024-02-16 17:45:24,1,6.18,laptop stand,amazing value highly recommend,61,1994,59300.17,IN,free
31,2024-02-16 18:18:16,1,8.64,water bottle,not worth the price disappointed,24,1401,76284.05,IN,premium
31,2024-02-16 18:34:09,1,6.25,backpack,stopped working after a week,23,797,42495.86,AU,basic
31,2024-02-16 19:13:15,1,109.08,wireless earbuds,works as expected average experience,69,1134,56896.11,FR,premium
31,2024-02-16 19:14:57,1,76.44,wireless earbuds,perfect fit very comfortable,53,80,63880.56,UK,basic
31,2024-02-16 19:44:31,1,54.87,wireless earbuds,arrived damaged poor packaging,36,1462,17783.95,FR,premium
31,2024-02-16 20:46:15,1,24.43,laptop stand,perfect fit very comfortable,54,200,76645.09,DE,basic
31,2024-02-16 22:11:34,0,9.05,laptop stand,amazing value highly recommend,38,99,40833.63,US,free
31,2024-02-16 22:21:27,0,8.26,backpack,amazing value highly recommend,54,799,51048.65,UK,basic
31,2024-02-16 22:52:32,0,31.93,desk lamp,arrived damaged poor packaging,57,407,66753.98,CA,premium
32,2024-02-03 00:06:28,1,48.21,water bottle,not worth the price disappointed,53,1447,48015.85,CA,enterprise
32,2024-02-03 00:42:38,1,44.93,bluetooth speaker,stopped working after a week,44,1982,75240.42,CA,free
32,2024-02-03 01:10:30,1,34.36,running shoes,stopped working after a week,29,1024,61201.18,US,basic
32,2024-02-03 02:26:44,1,82.01,backpack,excellent quality would buy again,42,559,62817.15,US,free
32,2024-02-03 05:36:27,0,38.9,phone case,stopped working after a week,45,762,52526.1,AU,basic
32,2024-02-03 05:37:43,1,127.22,phone case,perfect fit very comfortable,32,1938,86756.96,DE,free
32,2024-02-03 05:42:13,1,43.46,laptop stand,not worth the price disappointed,33,1299,75000.6,AU,premium
32,2024-02-03 06:06:41,0,30.89,desk lamp,stopped working after a week,50,1871,42580.39,CA,premium
32,2024-02-03 06:18:41,1,107.63,coffee maker,stopped working after a week,20,1717,116780.89,UK,free
32,2024-02-03 09:37:57,0,15.32,laptop stand,excellent quality would buy again,64,289,45758.42,FR,premium
32,2024-02-03 09:57:36,1,47.85,phone case,not worth the price disappointed,64,1535,200594.03,DE,free
32,2024-02-03 10:39:00,0,7.79,running shoes,great product fast shipping,53,1015,36170.02,IN,basic
32,2024-02-03 12:21:03,1,55.25,coffee maker,perfect fit very comfortable,43,1859,60839.64,IN,basic
32,2024-02-03 12:34:50,1,35.38,wireless earbuds,stopped working after a week,63,886,50761.08,UK,free
32,2024-02-03 12:44:04,0,31.23,water bottle,not worth the price disappointed,69,1898,34668.46,AU,premium
32,2024-02-03 14:39:16,1,14.99,water bottle,arrived damaged poor packaging,55,652,60778.65,US,premium
32,2024-02-03 14:55:31,1,15.59,wireless earbuds,great product fast shipping,40,688,30221.0,FR,free
32,2024-02-03 16:07:07,1,71.84,running shoes,great product fast shipping,43,1614,57524.87,DE,basic
32,2024-02-03 16:15:17,1,38.33,phone case,perfect fit very comfortable,29,1818,37929.93,UK,free
32,2024-02-03 16:47:44,0,91.2,phone case,amazing value highly recommend,55,253,47907.33,UK,basic
32,2024-02-03 18:13:53,0,17.24,wireless earbuds,works as expected average experience,50,1296,32255.46,UK,free
32,2024-02-03 20:28:00,1,73.37,backpack,works as expected average experience,27,579,62439.21,AU,free
32,2024-02-03 20:35:42,1,47.07,yoga mat,arrived damaged poor packaging,31,1784,103661.76,US,premium
32,2024-02-03 21:29:42,1,99.27,phone case,perfect fit very comfortable,59,1598,70445.62,IN,free
32,2024-02-03 21:47:15,1,95.83,backpack,arrived damaged poor packaging,69,445,79428.33,FR,premium
32,2024-02-03 22:50:28,1,204.06,water bottle,great product fast shipping,28,1805,80397.11,CA,basic
33,2024-01-28 02:02:07,0,39.01,running shoes,not worth the price disappointed,42,1701,47161.87,DE,free
33,2024-01-28 02:44:57,1,89.15,laptop stand,arrived damaged poor packaging,30,697,78282.45,CA,enterprise
33,2024-01-28 02:51:51,0,17.87,water bottle,excellent quality would buy again,23,49,28766.43,DE,basic
33,2024-01-28 03:17:01,1,69.71,backpack,works as expected average experience,65,1392,78924.87,CA,basic
33,2024-01-28 04:28:50,1,19.15,phone case,perfect fit very comfortable,69,159,77821.78,AU,premium
33,2024-01-28 04:30:08,1,102.42,phone case,excellent quality would buy again,24,1395,20971.76,DE,free
33,2024-01-28 06:35:44,0,41.66,bluetooth speaker,great product fast shipping,53,1453,48186.35,FR,free
33,2024-01-28 07:06:45,1,24.2,phone case,not worth the price disappointed,56,1905,53550.58,IN,premium
33,2024-01-28 07:10:28,0,186.22,coffee maker,excellent quality would buy again,47,1014,48745.72,IN,free
33,2024-01-28 08:12:22,0,16.15,yoga mat,arrived damaged poor packaging,38,718,40924.68,AU,basic
33,2024-01-28 08:21:09,1,102.32,desk lamp,stopped working after a week,63,1931,31124.42,DE,premium
33,2024-01-28 09:31:35,1,17.15,phone case,arrived damaged poor packaging,24,348,32115.76,IN,basic
33,2024-01-28 09:47:26,0,19.24,running shoes,perfect fit very comfortable,52,330,40684.09,AU,basic
33,2024-01-28 10:11:50,1,64.18,desk lamp,great product fast shipping,63,1719,41609.64,UK,free
33,2024-01-28 10:46:31,0,9.15,phone case,amazing value highly recommend,44,1219,46370.03,IN,basic
33,2024-01-28 10:47:46,0,14.97,running shoes,perfect fit very comfortable,65,99,36634.67,UK,basic
33,2024-01-28 12:48:21,0,8.72,laptop stand,amazing value highly recommend,21,668,33222.06,US,free
33,2024-01-28 12:49:12,0,32.92,bluetooth speaker,perfect fit very comfortable,48,303,37112.65,UK,free
33,2024-01-28 13:11:31,0,7.16,coffee maker,works as expected average experience,41,1689,26788.42,US,premium
33,2024-01-28 13:47:48,1,124.7,water bottle,excellent quality would buy again,39,1026,75963.73,US,premium
33,2024-01-28 14:10:03,1,58.58,laptop stand,arrived damaged poor packaging,63,1057,75849.65,UK,free
33,2024-01-28 15:19:04,0,20.44,water bottle,excellent quality would buy again,37,111,63853.34,UK,premium
33,2024-01-28 16:12:01,1,85.04,phone case,amazing value highly recommend,20,164,63391.1,FR,free
33,2024-01-28 16:18:13,0,30.87,water bottle,amazing value highly recommend,29,910,36732.08,DE,premium
33,2024-01-28 17:01:52,1,48.22,backpack,amazing value highly recommend,35,1692,91336.49,FR,free
33,2024-01-28 17:13:24,0,28.3,phone case,amazing value highly recommend,66,1427,63228.42,UK,basic
33,2024-01-28 18:36:24,0,7.5,yoga mat,excellent quality would buy again,24,1777,67701.22,FR,free
33,2024-01-28 18:42:38,0,42.42,yoga mat,stopped working after a week,25,1639,39217.62,IN,basic
33,2024-01-28 19:22:42,1,11.42,bluetooth speaker,stopped working after a week,34,338,59261.74,AU,enterprise
33,2024-01-28 20:28:48,1,54.56,phone case,perfect fit very comfortable,54,432,45487.89,UK,premium
33,2024-01-28 20:32:10,1,113.28,yoga mat,stopped working after a week,52,719,38532.89,UK,free
33,2024-01-28 20:47:31,1,21.43,wireless earbuds,stopped working after a week,59,181,70192.05,UK,premium
33,2024-01-28 21:16:38,1,75.99,coffee maker,stopped working after a week,29,205,62903.09,CA,free
33,2024-01-28 21:39:38,0,17.0,phone case,not worth the price disappointed,69,1874,40655.52,AU,basic
33,2024-01-28 23:56:30,0,19.17,yoga mat,not worth the price disappointed,38,1077,66239.44,IN,free
33,2024-01-28 23:58:11,0,64.01,running shoes,not worth the price disappointed,60,1696,30536.67,US,basic
34,2024-01-31 00:25:26,0,30.87,coffee maker,arrived damaged poor packaging,57,1697,57260.16,CA,basic
34,2024-01-31 01:26:49,0,97.75,water bottle,perfect fit very comfortable,47,1294,35010.63,AU,basic
34,2024-01-31 01:36:43,0,27.91,backpack,not worth the price disappointed,55,1207,31241.7,UK,enterprise
34,2024-01-31 01:58:41,1,25.45,yoga mat,amazing value highly recommend,34,1229,69076.87,IN,premium
34,2024-01-31 02:28:20,1,82.45,bluetooth speaker,amazing value highly recommend,52,577,71004.84,UK,free
34,2024-01-31 03:13:29,1,33.26,yoga mat,not worth the price disappointed,29,1734,59826.13,FR,free
34,2024-01-31 04:50:50,0,20.74,water bottle,great product fast shipping,32,393,48356.5,IN,free
34,2024-01-31 05:16:04,1,35.59,laptop stand,great product fast shipping,27,500,62108.78,IN,free
34,2024-01-31 05:38:32,0,18.91,wireless earbuds,works as expected average experience,62,872,30432.86,UK,basic
34,2024-01-31 06:49:44,0,15.48,coffee maker,not worth the price disappointed,50,1500,105382.08,IN,premium
34,2024-01-31 07:14:36,0,15.25,backpack,works as expected average experience,62,1502,61207.98,UK,enterprise
34,2024-01-31 07:48:29,0,10.56,desk lamp,not worth the price disappointed,20,693,38543.77,US,premium
34,2024-01-31 08:14:20,1,21.96,desk lamp,stopped working after a week,31,522,55403.97,DE,free
34,2024-01-31 08:15:27,0,31.67,bluetooth speaker,works as expected average experience,62,1481,83154.88,FR,basic
34,2024-01-31 08:19:15,0,28.68,backpack,great product fast shipping,45,1739,71470.77,CA,basic
34,2024-01-31 08:25:15,1,56.34,running shoes,works as expected average experience,36,768,46975.87,IN,basic
34,2024-01-31 08:46:08,1,87.0,water bottle,great product fast shipping,43,246,57929.22,DE,free
34,2024-01-31 09:16:18,0,14.78,phone case,arrived damaged poor packaging,38,552,32960.86,US,free
34,2024-01-31 09:25:00,1,107.01,water bottle,not worth the price disappointed,63,1212,61430.21,DE,basic
34,2024-01-31 10:05:20,0,224.56,yoga mat,excellent quality would buy again,50,890,45807.79,CA,basic
34,2024-01-31 10:47:34,1,41.8,water bottle,amazing value highly recommend,43,917,34320.05,FR,basic
34,2024-01-31 10:52:43,0,15.4,water bottle,arrived damaged poor packaging,50,1170,56234.74,AU,basic
34,2024-01-31 11:53:57,1,17.23,bluetooth speaker,perfect fit very comfortable,52,1970,61529.51,UK,enterprise
34,2024-01-31 11:55:33,0,15.04,coffee maker,not worth the price disappointed,35,775,57469.3,UK,free
34,2024-01-31 12:04:28,0,32.57,yoga mat,stopped working after a week,63,946,85358.05,DE,free
34,2024-01-31 12:58:50,0,20.72,coffee maker,perfect fit very comfortable,55,954,32707.05,FR,free
34,2024-01-31 13:18:55,1,53.03,wireless earbuds,perfect fit very comfortable,45,1704,45012.14,AU,basic
34,2024-01-31 13:27:04,0,25.08,backpack,perfect fit very comfortable,37,1136,42444.68,IN,basic
34,2024-01-31 14:17:06,0,29.25,backpack,amazing value highly recommend,32,992,31155.19,CA,basic
34,2024-01-31 15:13:44,1,29.22,wireless earbuds,arrived damaged poor packaging,58,824,37891.97,DE,enterprise
34,2024-01-31 16:49:16,1,39.22,desk lamp,perfect fit very comfortable,26,1421,36835.48,IN,basic
34,2024-01-31 17:37:58,0,21.29,desk lamp,stopped working after a week,55,1764,45546.11,DE,basic
34,2024-01-31 18:02:49,0,17.09,running shoes,perfect fit very comfortable,36,1033,40092.18,IN,basic
34,2024-01-31 21:08:14,0,123.01,wireless earbuds,great product fast shipping,32,164,71970.75,DE,basic
34,2024-01-31 21:17:50,0,14.21,water bottle,great product fast shipping,51,188,26631.37,CA,basic
34,2024-01-31 21:22:51,1,23.62,phone case,amazing value highly recommend,30,936,38107.2,UK,basic
34,2024-01-31 21:31:40,1,47.46,water bottle,not worth the price disappointed,27,776,48482.66,CA,free
34,2024-01-31 21:58:01,0,32.01,laptop stand,great product fast shipping,42,484,33950.16,IN,basic
34,2024-01-31 23:01:15,0,7.26,running shoes,perfect fit very comfortable,25,1916,49631.44,CA,enterprise
34,2024-01-31 23:05:45,0,92.69,laptop stand,excellent quality would buy again,58,558,45732.62,FR,free
34,2024-01-31 23:06:55,1,105.39,running shoes,works as expected average experience,52,545,46077.02,DE,premium
34,2024-01-31 23:31:56,1,41.04,bluetooth speaker,amazing value highly recommend,69,1694,62770.31,CA,basic
35,2024-02-04 00:02:12,1,10.09,coffee maker,not worth the price disappointed,50,1019,89089.81,FR,premium
35,2024-02-04 00:36:00,0,27.34,wireless earbuds,perfect fit very comfortable,42,687,27868.26,UK,premium
35,2024-02-04 01:27:18,0,8.12,water bottle,perfect fit very comfortable,63,1487,40314.54,UK,free
35,2024-02-04 03:43:50,1,27.74,phone case,arrived damaged poor packaging,29,1910,61776.0,US,enterprise
35,2024-02-04 04:15:26,0,88.79,coffee maker,works as expected average experience,48,1934,33709.69,FR,basic
35,2024-02-04 05:10:30,1,57.56,backpack,amazing value highly recommend,46,1991,46356.41,IN,enterprise
35,2024-02-04 05:47:34,1,49.75,water bottle,stopped working after a week,52,589,46920.28,FR,free
35,2024-02-04 06:00:51,0,92.71,water bottle,great product fast shipping,50,1826,39305.32,DE,free
35,2024-02-04 06:47:52,1,37.07,backpack,perfect fit very comfortable,30,1004,59669.34,US,free
35,2024-02-04 07:11:06,1,44.36,coffee maker,perfect fit very comfortable,58,920,56747.31,FR,enterprise
35,2024-02-04 07:11:33,1,8.01,backpack,stopped working after a week,52,1758,32058.29,US,free
35,2024-02-04 07:20:39,0,24.06,phone case,arrived damaged poor packaging,50,1180,47297.54,AU,premium
35,2024-02-04 07:44:23,1,47.62,wireless earbuds,great product fast shipping,53,1286,90700.59,AU,premium
35,2024-02-04 08:19:42,1,73.44,yoga mat,excellent quality would buy again,32,856,52576.14,AU,free
35,2024-02-04 12:42:32,0,26.65,yoga mat,great product fast shipping,69,1436,58094.38,CA,basic
35,2024-02-04 13:28:32,0,27.34,wireless earbuds,amazing value highly recommend,68,1386,72192.92,IN,premium
35,2024-02-04 14:02:25,0,11.9,water bottle,not worth the price disappointed,66,1255,31176.53,AU,basic
35,2024-02-04 14:10:40,1,104.46,phone case,stopped working after a week,59,1814,45778.97,DE,basic
35,2024-02-04 14:52:38,0,22.84,desk lamp,works as expected average experience,20,213,93222.86,UK,basic
35,2024-02-04 15:40:57,1,48.82,desk lamp,excellent quality would buy again,48,1765,53171.95,DE,basic
35,2024-02-04 17:48:56,0,19.6,coffee maker,works as expected average experience,45,1749,38608.0,DE,premium
35,2024-02-04 19:00:26,0,7.19,running shoes,amazing value highly recommend,29,1551,51908.89,FR,premium
35,2024-02-04 20:30:38,0,115.89,phone case,perfect fit very comfortable,59,841,59336.64,US,enterprise
35,2024-02-04 20:59:00,0,19.07,coffee maker,great product fast shipping,56,1462,60493.05,FR,premium
35,2024-02-04 21:49:03,0,36.42,laptop stand,great product fast shipping,48,327,43730.03,IN,premium
35,2024-02-04 23:36:56,0,32.59,phone case,excellent quality would buy again,66,1068,31785.69,CA,basic
36,2024-01-03 00:51:36,0,92.94,desk lamp,perfect fit very comfortable,50,882,38737.9,AU,free
36,2024-01-03 00:59:09,0,28.91,bluetooth speaker,works as expected average experience,63,1413,46293.09,UK,premium
36,2024-01-03 01:13:47,1,144.46,yoga mat,excellent quality would buy again,65,931,44194.21,UK,free
36,2024-01-03 01:34:21,0,11.69,bluetooth speaker,excellent quality would buy again,39,131,56601.2,US,premium
36,2024-01-03 02:26:43,1,58.28,phone case,stopped working after a week,18,1289,65700.68,IN,premium
36,2024-01-03 02:28:19,0,24.62,water bottle,arrived damaged poor packaging,34,1120,53466.19,UK,premium
36,2024-01-03 03:21:07,0,38.11,phone case,perfect fit very comfortable,47,1261,30495.51,IN,free
36,2024-01-03 04:06:31,0,42.17,wireless earbuds,works as expected average experience,28,1145,56552.41,CA,free
36,2024-01-03 04:26:39,1,3.36,running shoes,not worth the price disappointed,30,959,31219.44,IN,basic
36,2024-01-03 05:54:20,0,12.04,wireless earbuds,works as expected average experience,48,1765,42226.67,AU,basic
36,2024-01-03 06:08:09,1,65.74,desk lamp,arrived damaged poor packaging,29,717,50338.81,US,basic
36,2024-01-03 06:24:29,1,39.2,wireless earbuds,perfect fit very comfortable,21,232,46486.31,UK,free
36,2024-01-03 07:02:51,0,16.06,backpack,amazing value highly recommend,53,270,50383.44,IN,free
36,2024-01-03 07:39:17,0,29.57,backpack,arrived damaged poor packaging,19,881,39470.25,FR,basic
36,2024-01-03 07:40:00,0,31.8,laptop stand,amazing value highly recommend,35,298,33356.12,CA,free
36,2024-01-03 10:15:05,0,31.19,running shoes,stopped working after a week,18,1842,58910.37,IN,basic
36,2024-01-03 10:23:28,1,13.89,bluetooth speaker,great product fast shipping,50,737,59974.1,AU,premium
36,2024-01-03 10:31:16,1,24.72,running shoes,excellent quality would buy again,62,1533,55761.02,IN,enterprise
36,2024-01-03 11:17:11,1,45.62,desk lamp,excellent quality would buy again,47,1674,34484.61,CA,enterprise
36,2024-01-03 11:25:48,1,71.06,water bottle,perfect fit very comfortable,30,883,58340.43,DE,premium
36,2024-01-03 12:18:20,1,37.7,desk lamp,excellent quality would buy again,19,1742,67312.66,CA,free
36,2024-01-03 13:29:31,0,30.24,phone case,works as expected average experience,30,715,33360.08,AU,premium
36,2024-01-03 13:43:53,1,12.99,wireless earbuds,not worth the price disappointed,39,579,53166.2,US,free
36,2024-01-03 14:08:11,0,45.36,wireless earbuds,great product fast shipping,52,1770,43339.18,CA,enterprise
36,2024-01-03 15:14:16,0,31.48,bluetooth speaker,great product fast shipping,40,231,49910.43,CA,free
36,2024-01-03 15:40:12,0,13.3,water bottle,perfect fit very comfortable,37,1054,31607.81,DE,basic
36,2024-01-03 16:07:05,1,64.61,wireless earbuds,stopped working after a week,54,859,76430.02,UK,free
36,2024-01-03 16:11:25,0,16.62,desk lamp,amazing value highly recommend,55,1014,33081.59,DE,basic
36,2024-01-03 17:44:31,0,20.73,laptop stand,works as expected average experience,26,786,47376.86,FR,free
36,2024-01-03 18:42:32,0,36.3,desk lamp,not worth the price disappointed,48,1891,91282.26,DE,free
36,2024-01-03 18:48:42,0,14.5,bluetooth speaker,amazing value highly recommend,30,1840,34144.32,CA,basic
36,2024-01-03 18:54:07,1,28.76,desk lamp,great product fast shipping,43,1030,60302.59,IN,premium
36,2024-01-03 19:33:04,0,13.6,water bottle,arrived damaged poor packaging,26,676,35572.13,US,free
36,2024-01-03 20:39:47,1,101.42,phone case,great product fast shipping,45,802,27015.43,US,premium
36,2024-01-03 21:39:40,1,85.53,water bottle,great product fast shipping,26,1887,49029.9,AU,premium
36,2024-01-03 22:25:54,1,76.06,bluetooth speaker,works as expected average experience,50,1806,42306.85,AU,basic
36,2024-01-03 22:30:45,1,8.27,desk lamp,not worth the price disappointed,60,492,50853.39,AU,free
36,2024-01-03 22:47:54,1,49.22,running shoes,works as expected average experience,22,1569,36798.04,IN,premium
36,2024-01-03 22:55:42,0,34.95,water bottle,not worth the price disappointed,34,284,35728.14,US,basic
36,2024-01-03 23:02:04,1,38.23,laptop stand,stopped working after a week,21,435,57427.63,IN,basic
36,2024-01-03 23:37:49,1,131.89,bluetooth speaker,perfect fit very comfortable,21,644,52545.03,DE,enterprise
36,2024-01-03 23:52:22,0,37.21,laptop stand,perfect fit very comfortable,36,569,76717.94,UK,basic
37,2024-01-09 00:01:46,0,67.44,backpack,great product fast shipping,62,282,58007.29,FR,basic
37,2024-01-09 00:02:23,1,43.17,wireless earbuds,amazing value highly recommend,65,371,49635.94,UK,free
37,2024-01-09 00:42:07,0,64.11,water bottle,stopped working after a week,52,855,44025.52,IN,basic
37,2024-01-09 01:08:25,1,236.65,yoga mat,works as expected average experience,33,1295,42442.95,UK,free
37,2024-01-09 01:13:22,1,100.85,phone case,works as expected average experience,65,432,53025.02,FR,basic
37,2024-01-09 01:27:09,1,83.77,running shoes,works as expected average experience,34,604,40763.29,DE,enterprise
37,2024-01-09 02:39:58,0,21.46,coffee maker,works as expected average experience,31,1842,57572.02,FR,free
37,2024-01-09 02:40:42,1,55.59,running shoes,excellent quality would buy again,65,613,77507.51,AU,premium
37,2024-01-09 02:41:22,1,66.53,desk lamp,works as expected average experience,23,1758,78281.78,US,basic
37,2024-01-09 03:38:08,1,55.2,laptop stand,amazing value highly recommend,28,1234,51302.16,FR,free
37,2024-01-09 03:54:05,0,21.61,laptop stand,arrived damaged poor packaging,35,312,61902.54,FR,free
37,2024-01-09 04:58:06,1,60.33,backpack,perfect fit very comfortable,33,1420,59922.32,AU,free
37,2024-01-09 05:31:59,0,78.51,running shoes,arrived damaged poor packaging,46,881,53553.89,UK,enterprise
37,2024-01-09 06:19:56,0,32.44,laptop stand,works as expected average experience,44,664,34557.34,US,enterprise
37,2024-01-09 06:35:46,0,7.71,coffee maker,stopped working after a week,43,805,60775.83,AU,enterprise
37,2024-01-09 06:57:35,0,60.35,desk lamp,perfect fit very comfortable,31,400,53675.37,IN,free
37,2024-01-09 07:14:58,0,24.17,coffee maker,excellent quality would buy again,35,1747,52459.58,FR,premium
37,2024-01-09 07:30:06,0,27.44,bluetooth speaker,not worth the price disappointed,60,590,51706.84,CA,premium
37,2024-01-09 07:59:39,0,61.31,wireless earbuds,amazing value highly recommend,48,299,34630.17,AU,premium
37,2024-01-09 09:13:41,1,8.0,wireless earbuds,amazing value highly recommend,29,1755,38781.17,IN,premium
37,2024-01-09 09:27:32,0,36.27,water bottle,amazing value highly recommend,50,1327,28454.81,DE,basic
37,2024-01-09 09:50:35,1,71.82,desk lamp,stopped working after a week,34,1112,43914.02,UK,premium
37,2024-01-09 09:57:16,1,19.0,running shoes,works as expected average experience,41,1053,32440.81,CA,premium
37,2024-01-09 09:59:55,0,12.7,wireless earbuds,great product fast shipping,27,1513,48241.9,FR,free
37,2024-01-09 10:21:06,1,52.53,running shoes,arrived damaged poor packaging,29,1263,62892.74,FR,premium
37,2024-01-09 10:46:57,0,28.98,water bottle,works as expected average experience,30,1040,51760.26,FR,free
37,2024-01-09 10:55:22,0,22.88,coffee maker,not worth the price disappointed,42,1947,32451.15,FR,free
37,2024-01-09 11:44:52,1,134.57,yoga mat,amazing value highly recommend,36,427,72825.99,CA,free
37,2024-01-09 11:46:20,0,9.07,bluetooth speaker,amazing value highly recommend,49,749,53962.92,AU,free
37,2024-01-09 12:11:45,0,19.01,running shoes,amazing value highly recommend,54,1953,128508.72,UK,basic
37,2024-01-09 12:23:09,0,23.99,wireless earbuds,excellent quality would buy again,28,1416,56365.28,CA,free
37,2024-01-09 13:13:40,1,27.24,running shoes,works as expected average experience,65,1971,56522.26,US,premium
37,2024-01-09 15:15:12,0,17.03,coffee maker,works as expected average experience,57,1354,52329.1,US,basic
37,2024-01-09 16:45:23,0,22.74,wireless earbuds,works as expected average experience,26,941,45670.87,DE,basic
37,2024-01-09 18:39:37,1,74.86,phone case,amazing value highly recommend,51,527,46240.97,AU,free
37,2024-01-09 18:44:02,0,29.05,yoga mat,amazing value highly recommend,26,658,56451.55,FR,basic
37,2024-01-09 18:57:49,0,15.56,bluetooth speaker,arrived damaged poor packaging,57,1691,82050.13,UK,basic
37,2024-01-09 20:26:51,0,16.74,water bottle,works as expected average experience,23,743,32929.12,DE,free
37,2024-01-09 20:42:22,0,9.08,phone case,not worth the price disappointed,18,573,43488.28,IN,free
37,2024-01-09 21:32:49,1,76.47,yoga mat,excellent quality would buy again,59,1647,77581.52,FR,free
37,2024-01-09 23:27:05,0,45.3,desk lamp,arrived damaged poor packaging,28,301,37825.23,DE,free
38,2024-01-15 01:08:13,0,71.94,running shoes,not worth the price disappointed,30,1925,41047.41,UK,premium
38,2024-01-15 01:09:56,0,21.91,water bottle,not worth the price disappointed,58,34,72345.25,FR,free
38,2024-01-15 03:19:00,1,15.1,yoga mat,arrived damaged poor packaging,45,441,31163.48,UK,basic
38,2024-01-15 03:36:39,0,19.79,yoga mat,stopped working after a week,38,1456,29889.73,IN,free
38,2024-01-15 04:35:33,1,52.39,running shoes,perfect fit very comfortable,60,262,58788.96,DE,free
38,2024-01-15 05:28:41,0,31.65,water bottle,arrived damaged poor packaging,26,1632,60615.6,IN,basic
38,2024-01-15 05:29:47,0,48.06,yoga mat,excellent quality would buy again,47,161,65792.07,US,basic
38,2024-01-15 05:49:10,1,19.51,water bottle,works as expected average experience,29,1592,39036.31,DE,free
38,2024-01-15 05:55:29,1,108.17,phone case,arrived damaged poor packaging,51,649,44653.83,FR,basic
38,2024-01-15 06:14:54,1,22.85,desk lamp,not worth the price disappointed,36,1214,63168.84,AU,premium
38,2024-01-15 07:39:22,0,66.65,coffee maker,works as expected average experience,49,249,49164.57,US,basic
38,2024-01-15 07:44:23,0,14.75,phone case,works as expected average experience,49,1525,34468.99,AU,premium
38,2024-01-15 07:56:15,0,23.11,desk lamp,perfect fit very comfortable,20,347,47786.58,IN,free
38,2024-01-15 08:00:01,1,33.4,wireless earbuds,perfect fit very comfortable,51,1092,52183.11,FR,premium
38,2024-01-15 11:03:30,1,56.85,coffee maker,perfect fit very comfortable,51,1063,59769.02,CA,free
38,2024-01-15 11:12:48,1,23.52,yoga mat,works as expected average experience,67,419,45477.8,DE,basic
38,2024-01-15 11:31:00,1,77.69,wireless earbuds,stopped working after a week,52,336,45835.4,CA,free
38,2024-01-15 11:34:59,1,17.66,bluetooth speaker,works as expected average experience,51,240,42028.24,DE,basic
38,2024-01-15 11:52:27,0,79.86,wireless earbuds,arrived damaged poor packaging,53,192,39755.65,UK,free
38,2024-01-15 12:42:49,1,51.66,coffee maker,stopped working after a week,69,773,46030.06,FR,premium
38,2024-01-15 14:20:20,1,110.34,water bottle,amazing value highly recommend,35,936,64011.62,IN,free
38,2024-01-15 14:29:10,0,26.9,wireless earbuds,amazing value highly recommend,28,1282,61073.43,CA,premium
38,2024-01-15 16:23:53,1,35.72,desk lamp,arrived damaged poor packaging,57,1127,42347.89,FR,free
38,2024-01-15 17:04:38,1,26.95,water bottle,not worth the price disappointed,54,413,30063.2,DE,enterprise
38,2024-01-15 17:51:16,0,20.88,water bottle,not worth the price disappointed,66,1758,36102.39,AU,free
38,2024-01-15 20:11:20,0,272.54,backpack,works as expected average experience,42,292,43009.19,US,premium
38,2024-01-15 20:43:06,1,45.05,yoga mat,works as expected average experience,31,72,84797.89,IN,premium
38,2024-01-15 20:44:06,0,51.85,desk lamp,perfect fit very comfortable,61,329,54726.77,AU,free
38,2024-01-15 21:56:24,1,49.45,wireless earbuds,not worth the price disappointed,45,943,57764.09,AU,free
38,2024-01-15 22:19:45,1,30.36,running shoes,perfect fit very comfortable,40,439,40952.38,AU,premium
39,2024-01-07 00:06:49,0,30.17,coffee maker,excellent quality would buy again,63,1759,107289.07,US,free
39,2024-01-07 00:13:20,0,7.15,wireless earbuds,great product fast shipping,55,447,39635.94,DE,premium
39,2024-01-07 00:29:36,0,16.7,backpack,great product fast shipping,22,927,51166.17,DE,enterprise
39,2024-01-07 00:45:02,1,24.74,desk lamp,arrived damaged poor packaging,33,1524,99249.51,UK,enterprise
39,2024-01-07 02:07:57,1,60.48,wireless earbuds,amazing value highly recommend,67,1863,59300.68,US,premium
39,2024-01-07 02:09:20,0,131.75,laptop stand,works as expected average experience,68,286,36958.91,CA,free
39,2024-01-07 02:39:18,0,21.61,yoga mat,great product fast shipping,44,884,62562.51,CA,premium
39,2024-01-07 03:41:07,1,23.66,water bottle,not worth the price disappointed,62,1067,58982.36,FR,free
39,2024-01-07 03:54:21,1,72.57,phone case,great product fast shipping,49,1069,28460.4,IN,free
39,2024-01-07 04:31:11,1,11.01,wireless earbuds,stopped working after a week,28,65,57980.75,IN,enterprise
39,2024-01-07 05:32:13,0,9.65,phone case,works as expected average experience,48,219,53279.87,IN,premium
39,2024-01-07 05:47:57,1,61.8,wireless earbuds,works as expected average experience,49,1082,40222.6,FR,basic
39,2024-01-07 05:57:48,1,86.23,bluetooth speaker,stopped working after a week,44,1829,68239.46,AU,basic
39,2024-01-07 06:06:08,1,39.83,water bottle,not worth the price disappointed,48,187,25915.57,CA,premium
39,2024-01-07 06:44:09,0,144.56,desk lamp,stopped working after a week,42,1240,86807.2,CA,basic
39,2024-01-07 06:59:13,1,51.6,desk lamp,perfect fit very comfortable,55,541,39927.87,DE,basic
39,2024-01-07 10:59:15,0,15.92,wireless earbuds,perfect fit very comfortable,34,1253,47398.14,UK,free
39,2024-01-07 11:24:43,1,10.28,bluetooth speaker,great product fast shipping,43,1055,62078.36,AU,free
39,2024-01-07 11:51:20,1,33.36,backpack,arrived damaged poor packaging,45,265,107575.62,FR,enterprise
39,2024-01-07 12:47:52,0,8.75,water bottle,arrived damaged poor packaging,34,262,47591.43,DE,enterprise
39,2024-01-07 13:21:59,0,28.95,phone case,amazing value highly recommend,23,588,54197.54,US,free
39,2024-01-07 13:39:39,0,65.01,laptop stand,perfect fit very comfortable,40,340,45406.91,IN,free
39,2024-01-07 14:09:52,0,42.06,coffee maker,stopped working after a week,65,916,37374.77,DE,free
39,2024-01-07 14:51:31,1,243.51,running shoes,works as expected average experience,51,702,73739.31,AU,premium
39,2024-01-07 14:53:00,0,21.58,bluetooth speaker,perfect fit very comfortable,43,1895,25607.13,UK,free
39,2024-01-07 16:29:57,1,56.87,backpack,great product fast shipping,37,657,66339.19,UK,basic
39,2024-01-07 16:57:01,1,33.31,coffee maker,perfect fit very comfortable,58,991,46618.88,AU,premium
39,2024-01-07 18:33:01,1,14.93,bluetooth speaker,arrived damaged poor packaging,40,1348,72772.15,UK,basic
39,2024-01-07 19:35:50,0,19.94,desk lamp,arrived damaged poor packaging,21,808,20911.14,DE,free
39,2024-01-07 20:23:11,0,14.51,desk lamp,great product fast shipping,61,429,32340.23,DE,free
39,2024-01-07 20:28:51,0,154.41,laptop stand,excellent quality would buy again,50,1391,76605.0,FR,free
39,2024-01-07 20:31:54,0,30.39,coffee maker,stopped working after a week,34,1572,31926.3,FR,basic
39,2024-01-07 21:31:15,0,71.98,water bottle,works as expected average experience,59,1398,82960.55,CA,basic
39,2024-01-07 22:03:03,0,35.17,bluetooth speaker,amazing value highly recommend,19,74,27968.72,US,free
39,2024-01-07 22:03:06,1,36.12,running shoes,perfect fit very comfortable,28,1308,67807.81,IN,free
39,2024-01-07 22:23:21,1,41.37,yoga mat,excellent quality would buy again,57,860,57475.69,UK,premium
39,2024-01-07 23:53:03,1,49.14,water bottle,great product fast shipping,40,844,48486.05,AU,premium
40,2024-01-27 00:42:57,0,12.11,running shoes,perfect fit very comfortable,34,1713,51255.52,DE,free
40,2024-01-27 01:52:28,1,382.84,wireless earbuds,great product fast shipping,25,648,57417.55,CA,free
40,2024-01-27 01:54:24,1,21.03,bluetooth speaker,works as expected average experience,58,1856,31455.78,FR,premium
40,2024-01-27 02:42:40,0,17.16,backpack,arrived damaged poor packaging,57,1198,44158.6,UK,free
40,2024-01-27 03:33:49,1,29.25,yoga mat,excellent quality would buy again,30,1197,91983.76,US,free
40,2024-01-27 05:11:33,1,36.63,laptop stand,great product fast shipping,63,1210,53272.3,DE,basic
40,2024-01-27 07:06:52,0,31.54,running shoes,excellent quality would buy again,47,1055,40944.13,US,basic
40,2024-01-27 07:37:23,1,54.94,desk lamp,perfect fit very comfortable,30,1028,54320.79,US,premium
40,2024-01-27 07:38:29,1,104.04,bluetooth speaker,great product fast shipping,28,899,101646.8,IN,free
40,2024-01-27 08:18:55,1,112.56,coffee maker,excellent quality would buy again,38,1162,46218.38,IN,free
40,2024-01-27 08:40:36,1,20.15,desk lamp,not worth the price disappointed,45,298,37606.79,IN,free
40,2024-01-27 09:12:00,1,34.87,phone case,arrived damaged poor packaging,39,1502,67638.43,DE,free
40,2024-01-27 09:56:11,0,16.25,laptop stand,perfect fit very comfortable,57,795,40171.6,IN,free
40,2024-01-27 10:54:25,0,79.59,bluetooth speaker,arrived damaged poor packaging,18,255,36486.85,UK,free
40,2024-01-27 12:22:10,0,25.24,phone case,amazing value highly recommend,67,1298,48802.43,US,basic
40,2024-01-27 13:09:22,1,98.97,laptop stand,works as expected average experience,37,653,50637.83,DE,basic
40,2024-01-27 14:25:03,1,116.78,laptop stand,stopped working after a week,27,1835,66552.8,FR,premium
40,2024-01-27 14:28:55,0,59.47,coffee maker,great product fast shipping,62,808,53285.75,US,free
40,2024-01-27 15:15:25,0,10.23,running shoes,perfect fit very comfortable,24,267,40775.33,FR,premium
40,2024-01-27 17:37:09,1,62.11,bluetooth speaker,amazing value highly recommend,34,1855,21254.53,AU,basic
40,2024-01-27 17:39:41,1,49.8,coffee maker,perfect fit very comfortable,46,512,79569.56,DE,basic
40,2024-01-27 19:10:52,1,40.23,yoga mat,stopped working after a week,64,244,36741.42,AU,premium
40,2024-01-27 19:30:56,1,72.3,coffee maker,works as expected average experience,49,839,22821.96,CA,free
40,2024-01-27 19:45:31,0,17.69,bluetooth speaker,great product fast shipping,29,1741,34824.94,DE,premium
40,2024-01-27 20:41:06,1,13.89,running shoes,works as expected average experience,27,1746,41562.24,FR,premium
40,2024-01-27 21:49:34,1,19.46,phone case,great product fast shipping,21,285,43615.6,IN,basic
40,2024-01-27 23:14:17,0,52.68,laptop stand,excellent quality would buy again,62,486,29752.06,FR,basic
40,2024-01-27 23:37:53,0,14.35,coffee maker,not worth the price disappointed,20,949,65733.65,UK,free
41,2024-02-10 00:05:46,1,35.27,phone case,perfect fit very comfortable,49,1344,52200.47,DE,basic
41,2024-02-10 00:23:52,1,63.23,bluetooth speaker,stopped working after a week,20,1501,50943.96,FR,premium
41,2024-02-10 00:27:24,1,52.34,running shoes,amazing value highly recommend,30,1004,26180.98,IN,basic
41,2024-02-10 01:26:43,0,17.22,yoga mat,perfect fit very comfortable,46,137,58368.43,FR,enterprise
41,2024-02-10 02:11:11,0,12.69,backpack,stopped working after a week,28,1844,44084.47,UK,free
41,2024-02-10 02:54:44,0,19.5,laptop stand,not worth the price disappointed,54,895,73547.28,FR,free
41,2024-02-10 02:58:48,0,42.29,coffee maker,great product fast shipping,59,521,84797.36,FR,enterprise
41,2024-02-10 03:01:28,0,42.21,wireless earbuds,excellent quality would buy again,47,1376,45297.04,AU,premium
41,2024-02-10 03:02:45,1,34.22,water bottle,amazing value highly recommend,33,1035,37397.02,IN,basic
41,2024-02-10 03:26:57,1,37.09,phone case,not worth the price disappointed,24,1528,58059.82,DE,free
41,2024-02-10 03:33:02,1,60.46,bluetooth speaker,arrived damaged poor packaging,64,1034,78020.0,CA,enterprise
41,2024-02-10 03:58:18,0,19.26,backpack,not worth the price disappointed,69,1824,49498.17,IN,free
41,2024-02-10 04:09:02,1,46.4,phone case,perfect fit very comfortable,32,590,32849.75,UK,premium
41,2024-02-10 05:40:14,1,33.06,laptop stand,not worth the price disappointed,43,47,37828.43,IN,premium
41,2024-02-10 06:21:34,0,72.46,phone case,arrived damaged poor packaging,68,551,61155.09,DE,free
41,2024-02-10 07:14:09,0,11.5,coffee maker,amazing value highly recommend,68,1709,37243.88,UK,free
41,2024-02-10 07:36:42,0,45.47,bluetooth speaker,perfect fit very comfortable,68,331,52290.92,AU,free
41,2024-02-10 09:18:58,0,23.88,desk lamp,amazing value highly recommend,65,1623,62416.58,US,basic
41,2024-02-10 12:10:30,0,19.48,wireless earbuds,amazing value highly recommend,46,996,41464.04,IN,basic
41,2024-02-10 13:16:50,0,21.15,wireless earbuds,excellent quality would buy again,47,1481,27386.65,CA,premium
41,2024-02-10 13:44:40,1,82.61,running shoes,amazing value highly recommend,40,210,35590.06,IN,free
41,2024-02-10 13:52:02,0,74.96,coffee maker,stopped working after a week,55,224,47539.25,US,premium
41,2024-02-10 14:01:52,0,21.55,water bottle,arrived damaged poor packaging,26,1455,64623.32,IN,free
41,2024-02-10 14:15:06,1,82.49,desk lamp,amazing value highly recommend,39,953,43217.34,AU,free
41,2024-02-10 15:49:11,1,14.03,desk lamp,perfect fit very comfortable,49,1265,96102.03,AU,basic
41,2024-02-10 16:05:07,0,24.1,coffee maker,not worth the price disappointed,46,252,42827.8,US,free
41,2024-02-10 16:38:03,0,25.38,wireless earbuds,not worth the price disappointed,60,611,38749.53,US,basic
41,2024-02-10 16:51:01,0,7.58,running shoes,perfect fit very comfortable,25,1407,41579.93,AU,premium
41,2024-02-10 16:59:39,0,5.51,running shoes,stopped working after a week,61,1631,81620.94,DE,premium
41,2024-02-10 17:24:15,0,7.27,water bottle,stopped working after a week,29,1680,24686.62,FR,basic
41,2024-02-10 17:43:33,1,21.55,desk lamp,perfect fit very comfortable,26,474,45501.77,IN,free
41,2024-02-10 18:38:02,1,49.86,bluetooth speaker,arrived damaged poor packaging,58,747,32673.31,FR,free
41,2024-02-10 19:03:53,0,30.72,running shoes,amazing value highly recommend,20,1849,64194.69,US,free
41,2024-02-10 19:49:22,0,17.03,wireless earbuds,not worth the price disappointed,51,66,55056.14,FR,basic
41,2024-02-10 20:17:08,0,36.36,backpack,great product fast shipping,60,1607,47397.58,DE,enterprise
41,2024-02-10 21:21:37,1,67.7,backpack,great product fast shipping,29,1389,57352.16,DE,enterprise
41,2024-02-10 21:32:06,0,33.65,desk lamp,amazing value highly recommend,25,1434,61658.99,CA,free
41,2024-02-10 22:10:47,0,16.61,desk lamp,arrived damaged poor packaging,44,1970,63599.8,US,premium
41,2024-02-10 23:48:09,1,12.57,laptop stand,great product fast shipping,46,568,42725.1,US,free
41,2024-02-10 23:50:02,0,10.75,running shoes,excellent quality would buy again,26,959,69778.26,AU,free
42,2024-02-09 00:26:09,1,41.32,bluetooth speaker,arrived damaged poor packaging,44,1736,54627.31,DE,free
42,2024-02-09 01:12:44,1,143.27,desk lamp,excellent quality would buy again,32,1125,48099.38,AU,free
42,2024-02-09 01:14:45,0,11.24,bluetooth speaker,stopped working after a week,49,1604,66020.12,DE,enterprise
42,2024-02-09 03:10:07,0,18.59,coffee maker,amazing value highly recommend,37,735,51205.97,FR,basic
42,2024-02-09 03:45:00,0,18.23,backpack,stopped working after a week,49,152,33248.31,IN,free
42,2024-02-09 03:58:10,1,33.09,bluetooth speaker,excellent quality would buy again,69,683,56849.15,IN,basic
42,2024-02-09 04:22:35,1,44.07,yoga mat,excellent quality would buy again,20,1415,43006.05,US,basic
42,2024-02-09 04:26:45,0,24.02,phone case,arrived damaged poor packaging,65,44,64126.13,FR,basic
42,2024-02-09 04:33:15,0,62.84,yoga mat,stopped working after a week,66,1572,46141.13,AU,free
42,2024-02-09 05:33:02,1,66.4,desk lamp,perfect fit very comfortable,29,1226,69005.67,UK,free
42,2024-02-09 06:05:16,1,3.7,yoga mat,arrived damaged poor packaging,25,1149,81809.42,CA,premium
42,2024-02-09 06:33:23,1,156.91,water bottle,works as expected average experience,36,555,53175.32,DE,basic
42,2024-02-09 07:04:26,1,39.62,wireless earbuds,excellent quality would buy again,33,521,89607.45,FR,premium
42,2024-02-09 08:14:38,1,11.96,wireless earbuds,perfect fit very comfortable,39,1724,74652.96,DE,free
42,2024-02-09 09:30:28,0,91.12,bluetooth speaker,arrived damaged poor packaging,27,1586,30801.21,US,premium
42,2024-02-09 09:57:40,0,22.47,desk lamp,excellent quality would buy again,32,344,46056.75,CA,enterprise
42,2024-02-09 10:43:56,0,14.65,yoga mat,amazing value highly recommend,30,833,59036.49,IN,free
42,2024-02-09 12:36:22,1,123.24,phone case,perfect fit very comfortable,61,1812,63248.33,US,free
42,2024-02-09 12:47:01,0,29.79,wireless earbuds,amazing value highly recommend,40,982,41013.91,US,enterprise
42,2024-02-09 12:52:07,1,149.96,yoga mat,works as expected average experience,44,1485,70136.14,FR,free
42,2024-02-09 13:17:05,1,18.16,bluetooth speaker,amazing value highly recommend,55,119,79899.13,IN,premium
42,2024-02-09 13:36:23,1,46.43,bluetooth speaker,stopped working after a week,20,714,44471.73,UK,premium
42,2024-02-09 14:16:10,1,68.7,water bottle,excellent quality would buy again,44,1714,49822.7,DE,basic
42,2024-02-09 14:17:49,0,25.81,water bottle,not worth the price disappointed,69,820,63718.31,DE,basic
42,2024-02-09 14:39:30,0,103.27,yoga mat,not worth the price disappointed,36,256,62823.08,DE,free
42,2024-02-09 14:52:20,0,8.06,water bottle,amazing value highly recommend,23,1164,53761.42,US,free
42,2024-02-09 14:55:22,0,5.54,laptop stand,great product fast shipping,50,1438,54219.25,UK,enterprise
42,2024-02-09 15:55:36,0,19.78,laptop stand,amazing value highly recommend,35,1479,50402.26,FR,basic
42,2024-02-09 16:15:46,0,26.19,laptop stand,arrived damaged poor packaging,48,864,71180.91,DE,free
42,2024-02-09 17:19:07,1,116.83,water bottle,works as expected average experience,38,113,74421.37,FR,enterprise
42,2024-02-09 17:25:06,1,39.72,desk lamp,perfect fit very comfortable,39,516,34188.04,UK,free
42,2024-02-09 18:02:23,0,33.77,yoga mat,great product fast shipping,39,542,99055.22,CA,free
42,2024-02-09 18:18:52,1,119.11,water bottle,stopped working after a week,36,862,58494.31,CA,free
42,2024-02-09 20:04:11,0,67.95,wireless earbuds,arrived damaged poor packaging,41,1909,38343.69,IN,enterprise
42,2024-02-09 20:08:12,0,18.1,water bottle,perfect fit very comfortable,42,1372,78255.52,FR,basic
42,2024-02-09 20:20:14,1,84.99,coffee maker,not worth the price disappointed,38,1536,47521.11,CA,premium
42,2024-02-09 20:58:23,1,77.1,wireless earbuds,not worth the price disappointed,43,1983,34702.01,FR,basic
42,2024-02-09 21:07:44,0,51.17,backpack,arrived damaged poor packaging,65,473,68033.14,US,free
42,2024-02-09 23:26:27,1,19.28,water bottle,works as expected average experience,29,1248,52841.86,UK,premium
43,2024-01-29 00:17:57,1,36.27,wireless earbuds,amazing value highly recommend,66,1948,62958.63,IN,premium
43,2024-01-29 00:50:38,1,38.38,backpack,arrived damaged poor packaging,61,1478,60601.59,US,enterprise
43,2024-01-29 02:15:27,0,9.21,water bottle,great product fast shipping,35,70,54406.48,DE,premium
43,2024-01-29 03:35:05,0,20.75,yoga mat,arrived damaged poor packaging,53,1702,45287.33,UK,basic
43,2024-01-29 03:35:41,0,26.16,laptop stand,perfect fit very comfortable,44,1982,56108.16,DE,premium
43,2024-01-29 03:50:25,1,75.37,water bottle,amazing value highly recommend,19,1319,100246.25,AU,free
43,2024-01-29 04:16:57,1,29.96,laptop stand,stopped working after a week,61,1700,50497.25,CA,enterprise
43,2024-01-29 04:47:20,0,208.46,bluetooth speaker,amazing value highly recommend,62,54,47043.15,CA,premium
43,2024-01-29 06:22:09,1,17.68,wireless earbuds,amazing value highly recommend,49,670,73056.63,CA,premium
43,2024-01-29 06:25:27,1,59.19,bluetooth speaker,not worth the price disappointed,62,1398,55022.55,FR,basic
43,2024-01-29 08:36:08,1,12.0,bluetooth speaker,works as expected average experience,60,1820,32568.72,CA,free
43,2024-01-29 08:37:53,1,36.43,wireless earbuds,great product fast shipping,64,1173,50693.81,DE,free
43,2024-01-29 09:28:48,1,32.27,desk lamp,amazing value highly recommend,69,544,52634.13,FR,basic
43,2024-01-29 09:47:27,0,18.37,coffee maker,perfect fit very comfortable,57,1328,56489.57,AU,basic
43,2024-01-29 10:03:45,0,4.42,bluetooth speaker,perfect fit very comfortable,58,1740,40672.78,AU,free
43,2024-01-29 10:16:20,1,42.25,laptop stand,amazing value highly recommend,18,57,59656.68,US,premium
43,2024-01-29 11:15:04,1,32.31,laptop stand,great product fast shipping,18,684,49533.46,DE,premium
43,2024-01-29 12:20:59,1,14.67,desk lamp,perfect fit very comfortable,39,1477,30633.08,AU,premium
43,2024-01-29 12:29:07,1,32.4,phone case,perfect fit very comfortable,39,531,49292.01,IN,free
43,2024-01-29 15:46:40,1,168.19,water bottle,amazing value highly recommend,24,745,27678.14,CA,basic
43,2024-01-29 16:22:02,1,20.33,wireless earbuds,not worth the price disappointed,68,205,76652.76,AU,free
43,2024-01-29 16:22:55,1,31.73,phone case,works as expected average experience,46,1339,31238.71,AU,basic
43,2024-01-29 17:13:21,0,12.99,desk lamp,works as expected average experience,22,223,40204.95,AU,premium
43,2024-01-29 18:12:07,1,84.39,coffee maker,works as expected average experience,66,1522,63588.78,US,basic
43,2024-01-29 18:31:59,1,102.3,bluetooth speaker,arrived damaged poor packaging,41,563,82935.99,DE,free
43,2024-01-29 19:06:16,1,157.71,coffee maker,stopped working after a week,33,1780,37200.4,FR,premium
43,2024-01-29 21:21:06,0,19.2,desk lamp,perfect fit very comfortable,36,1982,52669.96,US,free
43,2024-01-29 22:10:53,0,6.03,yoga mat,not worth the price disappointed,69,1593,51592.6,FR,free
43,2024-01-29 22:32:50,1,33.87,desk lamp,arrived damaged poor packaging,61,934,40976.09,DE,premium
43,2024-01-29 22:37:22,0,50.65,running shoes,stopped working after a week,56,38,44879.48,US,free
43,2024-01-29 23:04:37,1,42.71,coffee maker,excellent quality would buy again,51,346,52469.55,DE,premium
43,2024-01-29 23:36:07,1,60.58,desk lamp,arrived damaged poor packaging,39,946,33168.71,UK,free
44,2024-02-21 02:07:49,1,12.58,bluetooth speaker,great product fast shipping,47,1840,29529.39,US,free
44,2024-02-21 02:30:38,0,22.87,phone case,amazing value highly recommend,57,1189,43812.15,CA,basic
44,2024-02-21 05:05:29,0,23.16,desk lamp,not worth the price disappointed,19,766,57548.45,AU,free
44,2024-02-21 05:51:01,0,11.51,running shoes,not worth the price disappointed,53,391,100599.25,FR,basic
44,2024-02-21 08:13:24,1,39.19,bluetooth speaker,great product fast shipping,63,490,62340.19,AU,free
44,2024-02-21 09:05:50,1,224.12,water bottle,not worth the price disappointed,26,1171,49627.61,IN,basic
44,2024-02-21 09:54:43,1,22.46,desk lamp,great product fast shipping,60,1080,52754.36,AU,basic
44,2024-02-21 10:39:54,1,26.78,phone case,perfect fit very comfortable,57,1370,43063.77,US,basic
44,2024-02-21 11:16:30,1,117.78,desk lamp,arrived damaged poor packaging,49,1185,42422.71,IN,enterprise
44,2024-02-21 12:24:30,0,17.94,wireless earbuds,great product fast shipping,32,1758,37656.94,DE,enterprise
44,2024-02-21 12:48:52,1,89.95,wireless earbuds,excellent quality would buy again,36,1801,29310.33,IN,basic
44,2024-02-21 13:40:42,0,9.6,wireless earbuds,stopped working after a week,49,121,32516.5,UK,basic
44,2024-02-21 15:27:59,1,55.29,laptop stand,arrived damaged poor packaging,29,163,99016.6,DE,basic
44,2024-02-21 15:30:04,0,31.59,bluetooth speaker,not worth the price disappointed,62,550,64980.05,IN,free
44,2024-02-21 15:39:59,1,63.79,running shoes,stopped working after a week,53,421,49882.72,CA,enterprise
44,2024-02-21 17:32:50,0,25.35,wireless earbuds,works as expected average experience,61,110,44258.5,IN,free
44,2024-02-21 17:36:13,1,100.18,coffee maker,works as expected average experience,60,1832,69190.89,US,enterprise
44,2024-02-21 17:48:04,0,213.75,backpack,excellent quality would buy again,44,1552,33044.84,DE,free
44,2024-02-21 18:47:27,1,57.41,running shoes,perfect fit very comfortable,26,1887,48384.6,CA,free
44,2024-02-21 20:36:56,1,114.0,desk lamp,not worth the price disappointed,47,900,38784.89,IN,premium
44,2024-02-21 21:04:50,1,121.74,laptop stand,amazing value highly recommend,41,674,82518.83,IN,premium
44,2024-02-21 21:07:11,1,39.55,desk lamp,great product fast shipping,56,1357,45002.95,FR,free
44,2024-02-21 21:54:07,1,40.75,water bottle,works as expected average experience,33,959,53988.35,CA,free
44,2024-02-21 22:04:40,1,30.82,desk lamp,not worth the price disappointed,30,1323,43366.92,US,premium
44,2024-02-21 22:47:38,1,159.64,water bottle,stopped working after a week,39,523,43850.85,CA,free
44,2024-02-21 23:36:17,0,28.32,phone case,perfect fit very comfortable,60,528,25952.4,FR,free
45,2024-02-03 00:04:40,1,72.95,phone case,excellent quality would buy again,60,436,35551.11,DE,premium
45,2024-02-03 00:14:40,0,16.98,wireless earbuds,perfect fit very comfortable,44,313,37428.84,DE,basic
45,2024-02-03 00:33:19,1,6.45,desk lamp,amazing value highly recommend,44,954,48116.73,DE,basic
45,2024-02-03 01:37:27,0,38.89,desk lamp,amazing value highly recommend,52,55,53431.89,UK,free
45,2024-02-03 02:23:48,1,36.41,bluetooth speaker,works as expected average experience,49,383,40593.34,FR,free
45,2024-02-03 04:43:18,0,24.56,water bottle,amazing value highly recommend,29,1040,44049.89,US,basic
45,2024-02-03 04:54:19,0,21.04,laptop stand,great product fast shipping,57,1511,48895.44,DE,basic
45,2024-02-03 05:02:53,0,12.42,coffee maker,not worth the price disappointed,54,1284,116587.38,FR,free
45,2024-02-03 07:39:33,1,52.33,phone case,stopped working after a week,20,913,74887.23,IN,basic
45,2024-02-03 08:06:46,1,48.83,bluetooth speaker,works as expected average experience,35,488,68179.17,DE,premium
45,2024-02-03 08:21:15,0,12.38,laptop stand,works as expected average experience,51,733,54522.64,US,enterprise
45,2024-02-03 08:42:16,0,67.44,wireless earbuds,arrived damaged poor packaging,36,604,34123.76,UK,free
45,2024-02-03 09:03:05,1,18.0,desk lamp,great product fast shipping,33,1312,61464.09,AU,premium
45,2024-02-03 09:03:10,1,50.31,coffee maker,arrived damaged poor packaging,42,194,78843.66,CA,premium
45,2024-02-03 09:13:55,0,37.01,backpack,great product fast shipping,58,227,68305.63,DE,premium
45,2024-02-03 09:27:30,0,103.43,coffee maker,stopped working after a week,63,569,43331.81,CA,free
45,2024-02-03 09:28:16,1,41.2,phone case,arrived damaged poor packaging,46,1938,54936.41,UK,free
45,2024-02-03 09:49:09,1,30.67,phone case,great product fast shipping,65,704,82496.28,UK,premium
45,2024-02-03 10:20:40,1,19.99,coffee maker,not worth the price disappointed,67,432,42000.96,DE,basic
45,2024-02-03 10:56:21,1,44.83,wireless earbuds,amazing value highly recommend,39,56,43761.97,IN,basic
45,2024-02-03 11:13:24,1,22.34,yoga mat,perfect fit very comfortable,27,81,52701.55,IN,basic
45,2024-02-03 12:04:08,1,23.64,wireless earbuds,not worth the price disappointed,27,1566,56470.59,IN,premium
45,2024-02-03 12:06:09,0,16.25,phone case,great product fast shipping,66,564,92797.66,UK,free
45,2024-02-03 13:42:48,1,79.3,wireless earbuds,not worth the price disappointed,24,1809,36162.88,US,free
45,2024-02-03 13:49:07,1,90.72,water bottle,amazing value highly recommend,27,402,105185.58,FR,basic
45,2024-02-03 13:56:37,1,48.88,yoga mat,excellent quality would buy again,29,462,44748.84,CA,basic
45,2024-02-03 14:26:33,1,31.26,yoga mat,arrived damaged poor packaging,68,1998,41387.91,DE,premium
45,2024-02-03 14:36:35,0,44.07,desk lamp,perfect fit very comfortable,40,117,66140.76,FR,premium
45,2024-02-03 15:02:23,0,30.57,running shoes,excellent quality would buy again,48,505,99710.48,AU,free
45,2024-02-03 15:05:23,0,16.9,laptop stand,not worth the price disappointed,59,158,40070.76,CA,enterprise
45,2024-02-03 16:47:15,0,26.67,wireless earbuds,stopped working after a week,22,1527,25184.51,AU,enterprise
45,2024-02-03 17:15:48,0,33.47,water bottle,works as expected average experience,40,444,54247.95,UK,free
45,2024-02-03 17:50:47,1,77.15,phone case,works as expected average experience,20,324,84362.22,IN,premium
45,2024-02-03 18:41:17,0,6.83,wireless earbuds,perfect fit very comfortable,35,1781,39504.78,UK,basic
45,2024-02-03 19:09:15,0,24.96,backpack,perfect fit very comfortable,66,322,50698.14,UK,free
45,2024-02-03 19:19:10,1,28.9,yoga mat,arrived damaged poor packaging,23,1520,63322.16,FR,basic
45,2024-02-03 20:40:07,1,218.73,laptop stand,excellent quality would buy again,19,49,49077.21,DE,free
45,2024-02-03 20:46:25,1,59.84,running shoes,great product fast shipping,24,1579,24464.3,FR,free
45,2024-02-03 21:18:06,0,11.17,desk lamp,great product fast shipping,46,628,50772.85,FR,basic
45,2024-02-03 21:41:43,1,77.34,coffee maker,excellent quality would buy again,66,1163,67801.16,UK,premium
45,2024-02-03 22:21:01,1,59.66,wireless earbuds,excellent quality would buy again,31,700,52461.99,AU,free
45,2024-02-03 22:26:56,0,30.11,laptop stand,excellent quality would buy again,33,626,50700.52,IN,free
45,2024-02-03 23:30:05,0,110.06,wireless earbuds,excellent quality would buy again,50,1471,45790.59,AU,basic
45,2024-02-03 23:42:45,1,45.67,desk lamp,great product fast shipping,47,1813,59554.96,CA,free
46,2024-01-05 00:12:21,1,39.79,phone case,perfect fit very comfortable,25,131,22352.69,IN,premium
46,2024-01-05 00:34:06,0,19.35,wireless earbuds,perfect fit very comfortable,35,1030,35831.46,US,basic
46,2024-01-05 01:05:02,0,13.64,yoga mat,perfect fit very comfortable,52,99,62740.47,US,basic
46,2024-01-05 01:07:20,0,23.26,yoga mat,works as expected average experience,62,1017,52803.26,IN,premium
46,2024-01-05 01:22:08,0,32.88,water bottle,arrived damaged poor packaging,48,1345,32286.43,IN,premium
46,2024-01-05 02:22:27,1,37.96,yoga mat,arrived damaged poor packaging,47,1186,33766.84,DE,free
46,2024-01-05 03:04:16,0,22.8,water bottle,stopped working after a week,20,1929,38166.01,US,basic
46,2024-01-05 03:08:47,0,15.68,laptop stand,excellent quality would buy again,44,1984,46847.74,FR,basic
46,2024-01-05 03:54:32,1,31.17,wireless earbuds,works as expected average experience,20,1418,69796.54,UK,premium
46,2024-01-05 04:27:30,1,61.35,desk lamp,arrived damaged poor packaging,64,1848,26054.15,AU,basic
46,2024-01-05 04:45:24,0,239.24,laptop stand,excellent quality would buy again,20,1893,38154.89,UK,basic
46,2024-01-05 04:51:00,0,39.1,phone case,works as expected average experience,61,515,87014.79,UK,basic
46,2024-01-05 05:50:46,0,38.84,phone case,perfect fit very comfortable,50,272,34947.19,IN,free
46,2024-01-05 06:13:35,1,76.59,phone case,amazing value highly recommend,32,1696,60468.67,US,basic
46,2024-01-05 06:40:28,0,16.84,phone case,arrived damaged poor packaging,35,1787,26083.11,UK,basic
46,2024-01-05 07:23:13,0,23.08,running shoes,perfect fit very comfortable,30,1543,72128.8,US,free
46,2024-01-05 07:58:27,0,16.07,water bottle,excellent quality would buy again,45,634,41246.23,IN,free
46,2024-01-05 08:08:50,0,22.66,running shoes,not worth the price disappointed,29,913,32113.57,AU,basic
46,2024-01-05 08:15:05,0,174.4,coffee maker,perfect fit very comfortable,31,567,56763.98,FR,premium
46,2024-01-05 10:54:46,0,12.1,desk lamp,excellent quality would buy again,58,169,75350.2,US,basic
46,2024-01-05 11:14:31,0,8.33,wireless earbuds,excellent quality would buy again,64,539,47112.12,IN,basic
46,2024-01-05 11:20:56,1,26.26,phone case,perfect fit very comfortable,47,97,57484.52,IN,basic
46,2024-01-05 11:28:23,1,65.84,desk lamp,amazing value highly recommend,34,395,49568.22,AU,premium
46,2024-01-05 11:29:34,1,91.3,water bottle,great product fast shipping,58,1442,54417.62,DE,basic
46,2024-01-05 12:31:41,0,16.68,water bottle,excellent quality would buy again,43,1050,34677.98,AU,premium
46,2024-01-05 14:01:15,0,40.66,desk lamp,works as expected average experience,56,1854,34404.68,IN,basic
46,2024-01-05 16:25:46,0,13.32,backpack,perfect fit very comfortable,20,129,41882.58,CA,free
46,2024-01-05 17:27:15,1,85.01,backpack,excellent quality would buy again,55,946,49562.63,CA,enterprise
46,2024-01-05 18:05:02,0,33.23,phone case,excellent quality would buy again,34,1026,24620.29,DE,basic
46,2024-01-05 18:27:14,1,73.46,desk lamp,not worth the price disappointed,68,865,67526.64,AU,premium
46,2024-01-05 21:08:41,0,46.91,backpack,great product fast shipping,66,1493,25539.22,FR,free
46,2024-01-05 22:55:03,1,25.72,phone case,excellent quality would buy again,61,368,51198.11,DE,premium
46,2024-01-05 23:24:55,0,9.42,running shoes,arrived damaged poor packaging,22,335,88053.68,AU,premium
47,2024-02-15 01:43:25,1,17.28,backpack,not worth the price disappointed,51,921,46793.03,FR,premium
47,2024-02-15 02:09:22,0,22.72,coffee maker,arrived damaged poor packaging,69,114,36740.61,US,basic
47,2024-02-15 02:19:38,0,29.29,phone case,stopped working after a week,24,893,33337.93,CA,premium
47,2024-02-15 02:31:31,0,61.86,laptop stand,great product fast shipping,43,1408,35151.88,CA,free
47,2024-02-15 02:39:23,0,19.45,phone case,excellent quality would buy again,18,503,51651.05,AU,basic
47,2024-02-15 03:14:59,0,142.73,phone case,great product fast shipping,45,1854,65456.64,CA,premium
47,2024-02-15 03:18:25,1,87.57,laptop stand,excellent quality would buy again,56,724,50011.38,US,basic
47,2024-02-15 05:20:12,1,41.67,running shoes,works as expected average experience,33,1072,77510.7,DE,enterprise
47,2024-02-15 05:37:00,0,70.1,yoga mat,excellent quality would buy again,39,196,44377.01,UK,basic
47,2024-02-15 05:52:26,0,13.07,desk lamp,not worth the price disappointed,51,1892,45661.47,UK,enterprise
47,2024-02-15 06:03:30,0,17.68,backpack,great product fast shipping,34,1684,56421.86,UK,free
47,2024-02-15 07:04:28,0,13.37,bluetooth speaker,excellent quality would buy again,48,184,40351.79,DE,basic
47,2024-02-15 07:14:20,0,165.77,phone case,excellent quality would buy again,22,303,33324.02,UK,free
47,2024-02-15 07:18:25,1,61.78,laptop stand,amazing value highly recommend,37,262,70509.24,DE,enterprise
47,2024-02-15 07:30:16,1,95.85,water bottle,excellent quality would buy again,34,1611,48012.13,IN,basic
47,2024-02-15 08:30:58,0,60.74,wireless earbuds,works as expected average experience,63,1334,43055.18,IN,free
47,2024-02-15 09:39:40,1,57.4,backpack,perfect fit very comfortable,61,1532,80030.68,FR,enterprise
47,2024-02-15 09:50:34,1,39.97,wireless earbuds,works as expected average experience,34,960,14253.77,UK,enterprise
47,2024-02-15 10:12:13,0,19.43,coffee maker,perfect fit very comfortable,30,1207,65230.35,US,free
47,2024-02-15 11:33:20,0,21.8,running shoes,amazing value highly recommend,22,1132,37664.34,UK,basic
47,2024-02-15 11:53:31,1,71.92,wireless earbuds,not worth the price disappointed,21,1731,49406.76,DE,free
47,2024-02-15 12:30:14,0,40.21,backpack,great product fast shipping,54,1255,82765.85,FR,free
47,2024-02-15 13:01:00,1,51.26,laptop stand,perfect fit very comfortable,50,1018,52226.85,AU,free
47,2024-02-15 13:16:10,1,60.28,yoga mat,arrived damaged poor packaging,56,1890,45903.75,FR,basic
47,2024-02-15 14:07:35,0,11.77,bluetooth speaker,great product fast shipping,49,283,43697.47,US,free
47,2024-02-15 14:44:06,0,31.29,water bottle,great product fast shipping,44,1180,41102.63,US,free
47,2024-02-15 14:48:07,1,38.41,running shoes,arrived damaged poor packaging,55,1163,45937.82,UK,basic
47,2024-02-15 15:39:37,0,16.05,bluetooth speaker,stopped working after a week,29,581,46652.65,IN,free
47,2024-02-15 16:09:49,0,37.46,coffee maker,works as expected average experience,23,609,46112.91,AU,free
47,2024-02-15 17:49:51,0,43.24,laptop stand,great product fast shipping,51,1444,32381.93,DE,basic
47,2024-02-15 18:21:19,0,19.59,water bottle,perfect fit very comfortable,41,345,73619.65,UK,free
47,2024-02-15 18:32:39,1,14.69,phone case,perfect fit very comfortable,68,890,30677.84,UK,basic
47,2024-02-15 19:35:45,1,17.13,wireless earbuds,great product fast shipping,63,1864,64123.73,CA,enterprise
47,2024-02-15 20:17:56,1,12.19,water bottle,perfect fit very comfortable,35,1389,40120.13,CA,premium
47,2024-02-15 21:02:27,1,53.15,water bottle,excellent quality would buy again,33,780,92193.58,CA,free
47,2024-02-15 21:12:24,1,89.17,desk lamp,arrived damaged poor packaging,36,731,59221.85,AU,premium
47,2024-02-15 21:38:21,0,21.81,water bottle,stopped working after a week,69,1712,43439.41,AU,basic
47,2024-02-15 22:35:26,1,120.64,running shoes,great product fast shipping,44,245,49327.27,CA,free
47,2024-02-15 22:52:19,1,36.8,water bottle,excellent quality would buy again,39,482,50688.84,UK,free
47,2024-02-15 23:01:26,0,59.83,water bottle,amazing value highly recommend,42,1451,50383.16,AU,basic
47,2024-02-15 23:34:36,1,34.32,desk lamp,arrived damaged poor packaging,24,1754,41138.74,US,basic
47,2024-02-15 23:37:46,0,76.87,yoga mat,great product fast shipping,66,314,105427.04,AU,free
48,2024-02-04 00:43:25,0,24.09,bluetooth speaker,not worth the price disappointed,48,846,81995.03,AU,premium
48,2024-02-04 01:02:09,1,64.62,yoga mat,great product fast shipping,30,57,31809.31,AU,basic
48,2024-02-04 01:57:48,0,32.0,phone case,not worth the price disappointed,67,1512,70738.69,DE,free
48,2024-02-04 02:24:34,0,17.79,phone case,arrived damaged poor packaging,45,380,52357.09,FR,basic
48,2024-02-04 02:33:36,0,56.53,water bottle,excellent quality would buy again,64,92,61791.56,US,free
48,2024-02-04 02:39:49,0,27.6,coffee maker,not worth the price disappointed,46,1880,44618.41,FR,free
48,2024-02-04 02:53:44,0,16.0,yoga mat,arrived damaged poor packaging,63,1215,61232.76,DE,premium
48,2024-02-04 03:50:50,1,44.51,yoga mat,arrived damaged poor packaging,27,1407,52883.09,CA,free
48,2024-02-04 03:58:02,1,51.69,yoga mat,great product fast shipping,61,1244,37719.92,CA,premium
48,2024-02-04 04:16:04,0,10.32,backpack,great product fast shipping,34,1493,19692.12,CA,basic
48,2024-02-04 04:18:28,1,51.28,yoga mat,amazing value highly recommend,49,36,42460.95,FR,free
48,2024-02-04 04:57:48,0,30.23,desk lamp,excellent quality would buy again,53,1920,32255.46,US,free
48,2024-02-04 05:35:23,1,46.28,desk lamp,works as expected average experience,35,1232,62291.14,IN,premium
48,2024-02-04 06:04:41,1,46.08,water bottle,excellent quality would buy again,20,1799,39016.66,FR,basic
48,2024-02-04 06:20:56,1,26.82,desk lamp,not worth the price disappointed,64,973,60576.51,FR,basic
48,2024-02-04 07:06:17,0,77.68,desk lamp,perfect fit very comfortable,44,883,58381.94,IN,enterprise
48,2024-02-04 08:54:36,0,160.41,laptop stand,excellent quality would buy again,45,1260,46822.26,IN,free
48,2024-02-04 08:59:59,0,34.52,laptop stand,stopped working after a week,30,1800,37846.18,FR,basic
48,2024-02-04 09:14:15,1,280.73,backpack,not worth the price disappointed,41,707,60527.12,FR,free
48,2024-02-04 09:42:59,1,374.43,yoga mat,stopped working after a week,52,903,41783.74,UK,premium
48,2024-02-04 09:48:12,1,41.12,laptop stand,great product fast shipping,24,1896,28373.01,FR,basic
48,2024-02-04 10:54:14,0,18.52,coffee maker,excellent quality would buy again,56,609,53043.36,IN,free
48,2024-02-04 12:34:36,0,21.73,bluetooth speaker,excellent quality would buy again,49,557,89866.44,FR,free
48,2024-02-04 14:01:17,1,20.11,yoga mat,works as expected average experience,27,1301,66709.82,US,basic
48,2024-02-04 14:28:50,1,137.19,phone case,works as expected average experience,35,723,51468.77,UK,free
48,2024-02-04 14:49:30,0,31.78,phone case,perfect fit very comfortable,56,1142,58762.93,AU,basic
48,2024-02-04 15:37:00,1,51.62,yoga mat,arrived damaged poor packaging,28,90,49645.89,AU,premium
48,2024-02-04 17:26:29,0,20.36,coffee maker,not worth the price disappointed,55,502,54327.22,UK,basic
48,2024-02-04 17:38:35,0,13.46,water bottle,works as expected average experience,18,1224,39961.38,US,enterprise
48,2024-02-04 17:45:19,0,91.16,running shoes,works as expected average experience,18,734,25788.11,FR,basic
48,2024-02-04 18:14:25,1,40.62,backpack,works as expected average experience,38,1522,47332.77,CA,basic
48,2024-02-04 18:32:11,1,44.61,desk lamp,arrived damaged poor packaging,18,1938,49539.44,AU,free
48,2024-02-04 20:02:41,1,28.46,backpack,perfect fit very comfortable,41,420,59555.4,US,premium
48,2024-02-04 20:18:55,1,18.94,water bottle,stopped working after a week,47,536,45063.39,DE,premium
48,2024-02-04 20:20:59,0,50.9,water bottle,perfect fit very comfortable,68,479,43655.6,US,basic
48,2024-02-04 20:26:47,0,19.38,laptop stand,works as expected average experience,20,1078,53517.24,FR,basic
48,2024-02-04 21:30:24,1,29.75,water bottle,stopped working after a week,19,1506,43094.57,UK,enterprise
48,2024-02-04 22:35:48,1,40.1,laptop stand,excellent quality would buy again,20,1646,33014.44,UK,premium
49,2024-02-08 00:04:25,1,24.88,yoga mat,stopped working after a week,37,1113,61356.87,US,free
49,2024-02-08 00:52:37,1,57.52,coffee maker,stopped working after a week,61,823,44165.91,UK,basic
49,2024-02-08 01:28:31,0,19.77,desk lamp,arrived damaged poor packaging,56,1705,50429.11,US,basic
49,2024-02-08 01:47:00,0,15.11,yoga mat,works as expected average experience,33,190,41904.89,CA,free
49,2024-02-08 03:09:43,1,84.0,water bottle,stopped working after a week,41,1736,41474.38,IN,basic
49,2024-02-08 03:13:05,1,77.58,laptop stand,excellent quality would buy again,23,1496,43727.14,UK,free
49,2024-02-08 03:52:12,0,52.04,desk lamp,arrived damaged poor packaging,26,556,35188.08,IN,free
49,2024-02-08 04:26:44,0,16.43,phone case,amazing value highly recommend,26,677,72725.34,DE,basic
49,2024-02-08 05:52:30,0,9.99,coffee maker,works as expected average experience,31,511,43025.09,US,free
49,2024-02-08 05:53:10,0,20.17,yoga mat,amazing value highly recommend,53,1041,47028.19,US,premium
49,2024-02-08 05:57:42,1,44.88,phone case,amazing value highly recommend,46,717,30990.14,FR,premium
49,2024-02-08 06:46:23,0,35.48,phone case,not worth the price disappointed,69,1996,30412.26,US,basic
49,2024-02-08 07:06:26,0,18.73,bluetooth speaker,amazing value highly recommend,54,1796,60309.48,AU,premium
49,2024-02-08 07:52:54,0,10.62,water bottle,excellent quality would buy again,51,1696,43657.97,IN,basic
49,2024-02-08 07:59:38,0,15.03,yoga mat,stopped working after a week,69,1568,40266.49,AU,premium
49,2024-02-08 08:08:37,0,8.09,bluetooth speaker,not worth the price disappointed,35,1612,79924.26,US,free
49,2024-02-08 08:37:59,0,25.92,phone case,amazing value highly recommend,63,246,40672.36,DE,basic
49,2024-02-08 08:40:22,0,20.93,phone case,arrived damaged poor packaging,64,1229,59903.48,IN,basic
49,2024-02-08 09:26:19,0,11.69,water bottle,excellent quality would buy again,26,1654,74669.9,FR,basic
49,2024-02-08 09:55:32,1,56.9,water bottle,perfect fit very comfortable,53,1934,63751.31,DE,premium
49,2024-02-08 10:25:46,0,23.7,wireless earbuds,not worth the price disappointed,21,238,45451.16,US,free
49,2024-02-08 10:47:47,1,43.48,wireless earbuds,works as expected average experience,24,1731,83097.66,IN,premium
49,2024-02-08 10:50:14,0,30.19,backpack,great product fast shipping,35,776,32053.75,FR,free
49,2024-02-08 11:46:28,0,12.88,laptop stand,not worth the price disappointed,20,565,30153.78,UK,basic
49,2024-02-08 12:25:25,0,17.16,desk lamp,great product fast shipping,19,255,74673.81,IN,enterprise
49,2024-02-08 12:42:50,1,77.23,coffee maker,great product fast shipping,66,344,49179.1,AU,basic
49,2024-02-08 12:44:25,1,38.16,water bottle,perfect fit very comfortable,57,1999,108895.69,CA,premium
49,2024-02-08 12:50:12,1,66.05,water bottle,arrived damaged poor packaging,56,1974,48572.15,AU,basic
49,2024-02-08 12:52:39,0,28.07,water bottle,stopped working after a week,21,1472,39705.71,FR,enterprise
49,2024-02-08 13:47:00,1,72.34,backpack,amazing value highly recommend,52,832,52967.32,FR,premium
49,2024-02-08 17:02:45,0,12.8,water bottle,arrived damaged poor packaging,63,530,18076.83,CA,basic
49,2024-02-08 17:16:42,1,54.69,desk lamp,amazing value highly recommend,28,1549,53175.76,US,basic
49,2024-02-08 17:55:47,0,61.65,coffee maker,amazing value highly recommend,31,635,62539.24,US,free
49,2024-02-08 18:39:23,0,11.14,water bottle,excellent quality would buy again,26,64,73739.84,UK,premium
49,2024-02-08 19:48:39,1,75.17,laptop stand,stopped working after a week,56,184,41487.91,CA,enterprise
49,2024-02-08 20:25:55,0,57.45,backpack,amazing value highly recommend,68,1395,30526.67,FR,free
49,2024-02-08 20:59:23,1,34.17,phone case,arrived damaged poor packaging,41,886,51715.08,CA,basic
49,2024-02-08 21:05:45,0,15.89,backpack,arrived damaged poor packaging,24,1359,45737.96,US,basic
49,2024-02-08 21:18:42,0,18.57,running shoes,not worth the price disappointed,41,806,65120.55,FR,free
49,2024-02-08 22:33:37,0,11.09,bluetooth speaker,amazing value highly recommend,26,213,46334.21,IN,free
50,2024-02-03 00:02:23,1,40.61,coffee maker,amazing value highly recommend,63,1882,48628.7,DE,premium
50,2024-02-03 00:43:16,1,73.81,water bottle,perfect fit very comfortable,24,277,77561.65,FR,free
50,2024-02-03 01:43:19,0,54.19,desk lamp,perfect fit very comfortable,40,1177,36174.84,IN,enterprise
50,2024-02-03 02:08:45,1,48.61,backpack,not worth the price disappointed,57,629,50605.93,UK,free
50,2024-02-03 02:51:17,0,35.46,wireless earbuds,not worth the price disappointed,23,841,54801.11,FR,free
50,2024-02-03 03:00:57,1,80.13,wireless earbuds,perfect fit very comfortable,30,465,30610.91,DE,free
50,2024-02-03 03:25:16,0,68.53,phone case,arrived damaged poor packaging,22,424,23187.03,US,free
50,2024-02-03 03:31:16,0,34.23,yoga mat,excellent quality would buy again,48,841,80578.28,UK,free
50,2024-02-03 03:46:11,0,8.77,bluetooth speaker,arrived damaged poor packaging,35,386,32368.64,US,basic
50,2024-02-03 03:55:33,0,31.53,water bottle,perfect fit very comfortable,41,535,80118.53,IN,free
50,2024-02-03 03:56:43,0,11.55,wireless earbuds,stopped working after a week,35,388,43767.18,UK,free
50,2024-02-03 04:22:48,1,46.67,bluetooth speaker,arrived damaged poor packaging,25,1104,40130.73,UK,premium
50,2024-02-03 04:29:37,0,51.25,running shoes,excellent quality would buy again,18,872,28729.84,UK,free
50,2024-02-03 04:59:06,1,48.09,running shoes,arrived damaged poor packaging,19,249,56136.79,UK,free
50,2024-02-03 06:04:35,0,87.06,running shoes,excellent quality would buy again,33,1971,68503.82,FR,premium
50,2024-02-03 07:43:00,0,20.62,bluetooth speaker,not worth the price disappointed,23,512,54087.22,CA,premium
50,2024-02-03 08:54:03,1,40.76,yoga mat,perfect fit very comfortable,18,1057,22774.97,IN,basic
50,2024-02-03 08:56:32,1,58.17,laptop stand,perfect fit very comfortable,30,865,49991.29,DE,free
50,2024-02-03 09:07:23,1,103.71,desk lamp,not worth the price disappointed,43,623,38877.78,IN,enterprise
50,2024-02-03 09:36:38,1,110.82,water bottle,great product fast shipping,40,568,40342.71,UK,basic
50,2024-02-03 11:09:37,1,10.36,water bottle,arrived damaged poor packaging,42,1622,64644.0,CA,premium
50,2024-02-03 11:34:07,0,42.79,water bottle,amazing value highly recommend,65,49,37837.31,CA,basic
50,2024-02-03 12:41:13,0,14.01,backpack,great product fast shipping,66,520,59500.45,CA,premium
50,2024-02-03 12:45:54,1,66.41,running shoes,not worth the price disappointed,25,35,57026.1,DE,free
50,2024-02-03 13:18:21,0,14.58,laptop stand,arrived damaged poor packaging,37,1033,29013.24,AU,premium
50,2024-02-03 14:35:42,1,31.49,backpack,amazing value highly recommend,23,555,44898.24,IN,premium
50,2024-02-03 15:51:02,0,22.47,running shoes,arrived damaged poor packaging,20,57,49159.93,FR,free
50,2024-02-03 17:47:55,0,16.74,water bottle,not worth the price disappointed,59,1294,48509.44,FR,free
50,2024-02-03 19:36:20,1,80.72,laptop stand,works as expected average experience,68,1980,55753.54,UK,free
50,2024-02-03 19:38:21,0,13.18,water bottle,amazing value highly recommend,30,1822,80242.67,US,basic
50,2024-02-03 20:01:23,1,74.94,phone case,great product fast shipping,34,1013,75557.59,US,free
50,2024-02-03 20:09:08,0,79.67,wireless earbuds,excellent quality would buy again,36,1246,31083.76,UK,premium
50,2024-02-03 20:59:01,0,197.8,laptop stand,amazing value highly recommend,21,1454,62680.52,US,basic
50,2024-02-03 21:58:12,0,15.93,backpack,excellent quality would buy again,40,62,46573.06,DE,basic
50,2024-02-03 22:00:15,1,7.57,yoga mat,stopped working after a week,47,1707,61896.38,DE,free
50,2024-02-03 22:51:14,1,25.17,yoga mat,not worth the price disappointed,68,243,74021.55,DE,premium
50,2024-02-03 22:52:36,1,21.36,desk lamp,arrived damaged poor packaging,39,1438,39941.66,FR,enterprise
50,2024-02-03 23:02:07,1,74.71,wireless earbuds,works as expected average experience,49,356,109242.47,UK,premium
50,2024-02-03 23:18:09,1,23.12,coffee maker,great product fast shipping,59,698,82569.56,CA,basic
50,2024-02-03 23:43:35,1,59.92,water bottle,stopped working after a week,28,54,37296.56,US,free
51,2024-02-03 01:12:09,0,31.95,backpack,perfect fit very comfortable,50,149,43430.49,UK,basic
51,2024-02-03 01:17:53,0,16.42,coffee maker,arrived damaged poor packaging,51,919,53947.66,IN,basic
51,2024-02-03 01:22:13,0,24.62,water bottle,stopped working after a week,38,1308,49808.71,UK,basic
51,2024-02-03 03:40:08,0,43.36,water bottle,great product fast shipping,39,427,97701.43,DE,free
51,2024-02-03 05:03:19,0,22.37,desk lamp,works as expected average experience,23,673,68585.82,AU,free
51,2024-02-03 05:05:12,1,120.24,water bottle,great product fast shipping,33,1413,41986.08,IN,premium
51,2024-02-03 06:53:34,0,25.78,bluetooth speaker,not worth the price disappointed,69,1313,26786.38,AU,basic
51,2024-02-03 08:11:35,1,38.42,coffee maker,stopped working after a week,55,1364,49977.78,IN,free
51,2024-02-03 08:13:03,0,71.73,running shoes,perfect fit very comfortable,27,1765,80525.14,AU,enterprise
51,2024-02-03 10:30:42,0,32.1,desk lamp,stopped working after a week,31,790,27233.46,IN,basic
51,2024-02-03 11:15:00,1,40.72,water bottle,arrived damaged poor packaging,65,1178,25890.86,AU,free
51,2024-02-03 12:44:40,0,3.67,backpack,stopped working after a week,64,136,29033.99,UK,free
51,2024-02-03 13:25:10,1,83.05,running shoes,amazing value highly recommend,48,1229,74992.2,DE,basic
51,2024-02-03 14:56:42,1,123.4,running shoes,excellent quality would buy again,40,1591,80204.59,UK,free
51,2024-02-03 15:17:44,1,36.09,water bottle,stopped working after a week,32,994,51332.03,UK,free
51,2024-02-03 15:20:10,0,17.21,wireless earbuds,amazing value highly recommend,41,76,60857.46,IN,basic
51,2024-02-03 15:46:53,0,19.73,bluetooth speaker,excellent quality would buy again,54,471,38567.41,US,free
51,2024-02-03 16:21:53,1,66.55,yoga mat,not worth the price disappointed,57,1335,41441.34,FR,free
51,2024-02-03 18:01:12,1,25.28,bluetooth speaker,perfect fit very comfortable,47,547,57078.09,DE,free
51,2024-02-03 18:05:42,1,78.66,water bottle,stopped working after a week,62,1426,32760.33,IN,premium
51,2024-02-03 19:02:50,1,13.82,water bottle,not worth the price disappointed,25,270,41072.08,CA,free
51,2024-02-03 19:04:01,0,43.54,laptop stand,excellent quality would buy again,23,1171,71820.25,DE,enterprise
51,2024-02-03 19:51:21,1,43.14,water bottle,not worth the price disappointed,68,1855,48991.94,US,free
51,2024-02-03 19:53:23,0,16.86,backpack,stopped working after a week,35,770,38387.02,AU,premium
51,2024-02-03 20:08:27,1,48.82,backpack,stopped working after a week,28,759,48980.65,DE,enterprise
51,2024-02-03 22:05:45,0,11.25,laptop stand,amazing value highly recommend,39,1408,66325.47,UK,basic
51,2024-02-03 22:10:14,0,45.43,wireless earbuds,excellent quality would buy again,33,1593,45657.81,US,enterprise
51,2024-02-03 22:21:47,0,10.76,bluetooth speaker,not worth the price disappointed,55,1264,38501.92,FR,free
52,2024-01-06 00:03:19,0,25.51,water bottle,perfect fit very comfortable,51,1641,54449.56,AU,premium
52,2024-01-06 01:29:22,0,6.12,running shoes,arrived damaged poor packaging,23,1267,43771.19,DE,free
52,2024-01-06 01:44:54,1,51.43,water bottle,excellent quality would buy again,69,292,44704.0,DE,basic
52,2024-01-06 03:05:48,1,61.25,running shoes,not worth the price disappointed,42,171,30421.27,CA,premium
52,2024-01-06 03:39:21,1,94.03,phone case,perfect fit very comfortable,21,80,28335.19,US,enterprise
52,2024-01-06 03:40:34,1,23.93,phone case,arrived damaged poor packaging,41,1492,79476.84,IN,premium
52,2024-01-06 06:44:07,0,7.15,water bottle,perfect fit very comfortable,39,1505,57150.41,AU,premium
52,2024-01-06 06:44:29,0,13.39,bluetooth speaker,excellent quality would buy again,28,697,51813.51,UK,free
52,2024-01-06 07:16:10,1,47.17,bluetooth speaker,amazing value highly recommend,60,603,43350.04,CA,premium
52,2024-01-06 07:39:35,1,41.34,running shoes,arrived damaged poor packaging,63,1978,57517.12,DE,basic
52,2024-01-06 09:25:48,1,78.15,wireless earbuds,stopped working after a week,59,643,51955.0,UK,basic
52,2024-01-06 09:32:25,0,17.94,desk lamp,perfect fit very comfortable,54,214,56884.95,IN,basic
52,2024-01-06 09:56:04,0,22.29,backpack,great product fast shipping,69,1270,43380.71,UK,basic
52,2024-01-06 10:25:02,0,21.21,bluetooth speaker,not worth the price disappointed,52,620,43373.16,IN,basic
52,2024-01-06 10:59:53,0,24.05,bluetooth speaker,stopped working after a week,60,226,87037.9,IN,basic
52,2024-01-06 11:03:58,0,54.4,phone case,excellent quality would buy again,39,1064,45856.71,AU,premium
52,2024-01-06 11:20:48,1,172.33,laptop stand,works as expected average experience,51,1211,55427.25,US,basic
52,2024-01-06 11:55:18,1,11.17,phone case,perfect fit very comfortable,20,370,55420.55,US,basic
52,2024-01-06 13:15:47,0,28.73,backpack,amazing value highly recommend,20,1200,51420.96,CA,free
52,2024-01-06 14:23:33,1,37.38,water bottle,stopped working after a week,28,772,37711.16,IN,basic
52,2024-01-06 14:44:02,1,70.21,yoga mat,stopped working after a week,35,1576,58122.59,AU,free
52,2024-01-06 15:10:29,1,74.24,bluetooth speaker,works as expected average experience,31,1835,69877.55,CA,basic
52,2024-01-06 15:32:37,1,27.83,running shoes,stopped working after a week,48,1175,73520.21,US,enterprise
52,2024-01-06 15:47:51,0,23.26,yoga mat,great product fast shipping,45,1838,87766.98,CA,basic
52,2024-01-06 15:50:19,1,31.54,yoga mat,stopped working after a week,40,1056,72886.57,CA,free
52,2024-01-06 17:16:10,0,20.77,yoga mat,excellent quality would buy again,36,1019,65226.08,IN,basic
52,2024-01-06 17:25:41,0,51.58,yoga mat,amazing value highly recommend,49,1348,64118.85,FR,basic
52,2024-01-06 18:54:11,1,18.31,phone case,stopped working after a week,38,1878,83446.4,IN,premium
52,2024-01-06 19:08:56,0,133.61,wireless earbuds,works as expected average experience,22,59,88455.97,US,basic
52,2024-01-06 21:04:30,1,71.44,laptop stand,stopped working after a week,46,1479,18988.61,US,basic
52,2024-01-06 22:07:28,0,14.54,yoga mat,stopped working after a week,57,1331,74904.09,AU,free
52,2024-01-06 23:50:27,0,24.49,laptop stand,excellent quality would buy again,44,436,47923.06,AU,basic
53,2024-02-03 00:57:57,1,36.99,coffee maker,works as expected average experience,35,297,63687.73,UK,free
53,2024-02-03 02:10:36,0,14.77,desk lamp,excellent quality would buy again,61,855,41891.09,FR,premium
53,2024-02-03 04:08:05,1,52.89,wireless earbuds,excellent quality would buy again,62,1776,80897.35,CA,basic
53,2024-02-03 04:15:13,1,58.16,running shoes,perfect fit very comfortable,64,865,90726.92,CA,premium
53,2024-02-03 06:39:57,0,9.16,backpack,works as expected average experience,42,1586,62619.28,IN,enterprise
53,2024-02-03 06:57:06,1,29.1,running shoes,arrived damaged poor packaging,24,1871,47327.73,IN,enterprise
53,2024-02-03 07:15:34,1,34.86,coffee maker,excellent quality would buy again,62,1694,32695.99,FR,free
53,2024-02-03 08:13:30,1,50.04,laptop stand,perfect fit very comfortable,26,1582,56825.1,UK,basic
53,2024-02-03 08:40:06,0,19.32,coffee maker,not worth the price disappointed,39,51,27513.54,CA,premium
53,2024-02-03 08:47:31,1,32.21,yoga mat,stopped working after a week,57,661,28951.81,FR,premium
53,2024-02-03 09:27:40,0,34.64,running shoes,arrived damaged poor packaging,66,977,34108.97,US,basic
53,2024-02-03 09:40:31,0,26.44,wireless earbuds,excellent quality would buy again,55,887,40081.64,AU,free
53,2024-02-03 10:47:28,0,66.06,phone case,arrived damaged poor packaging,63,1703,44490.27,US,free
53,2024-02-03 10:52:07,1,37.8,backpack,stopped working after a week,52,1906,62300.72,AU,premium
53,2024-02-03 12:36:48,1,391.82,laptop stand,not worth the price disappointed,38,1098,94772.28,AU,basic
53,2024-02-03 12:45:14,0,61.75,bluetooth speaker,amazing value highly recommend,63,969,27284.61,AU,free
53,2024-02-03 13:20:20,1,48.8,laptop stand,excellent quality would buy again,63,523,59040.81,DE,premium
53,2024-02-03 14:00:28,0,28.81,water bottle,works as expected average experience,56,673,29111.12,AU,free
53,2024-02-03 15:50:23,0,41.56,water bottle,great product fast shipping,60,408,32624.31,FR,free
53,2024-02-03 16:16:27,0,23.22,yoga mat,works as expected average experience,37,684,47526.79,CA,free
53,2024-02-03 17:08:53,0,33.62,coffee maker,arrived damaged poor packaging,69,513,42412.74,AU,basic
53,2024-02-03 17:38:00,0,7.33,desk lamp,not worth the price disappointed,65,1288,58925.86,AU,free
53,2024-02-03 17:43:27,1,24.1,phone case,perfect fit very comfortable,48,1034,24415.55,AU,premium
53,2024-02-03 17:54:49,0,82.12,laptop stand,stopped working after a week,25,1446,32940.93,FR,free
53,2024-02-03 17:59:27,1,61.5,backpack,great product fast shipping,43,1439,52651.96,US,enterprise
53,2024-02-03 18:01:22,1,68.59,bluetooth speaker,arrived damaged poor packaging,48,179,47044.16,UK,premium
53,2024-02-03 20:18:15,0,55.59,bluetooth speaker,perfect fit very comfortable,20,1770,46151.16,DE,premium
53,2024-02-03 21:25:10,0,19.38,running shoes,arrived damaged poor packaging,65,532,63991.99,FR,free
53,2024-02-03 21:27:46,0,27.18,bluetooth speaker,excellent quality would buy again,56,1293,64911.35,IN,free
53,2024-02-03 22:44:27,0,26.87,bluetooth speaker,amazing value highly recommend,37,753,51362.99,FR,free
53,2024-02-03 22:48:05,1,72.3,phone case,not worth the price disappointed,48,1918,40829.98,US,premium
53,2024-02-03 23:40:06,0,22.09,laptop stand,works as expected average experience,31,1440,31613.43,CA,free
53,2024-02-03 23:42:40,0,79.04,bluetooth speaker,arrived damaged poor packaging,64,1656,56783.37,UK,free
53,2024-02-03 23:48:12,0,25.78,phone case,works as expected average experience,67,1618,26270.56,IN,free
54,2024-02-17 00:28:27,1,11.88,desk lamp,great product fast shipping,62,1129,25414.61,UK,basic
54,2024-02-17 02:12:04,0,21.77,wireless earbuds,excellent quality would buy again,33,468,100367.36,DE,free
54,2024-02-17 03:01:09,0,3.81,backpack,great product fast shipping,46,1654,42888.95,UK,free
54,2024-02-17 03:09:03,1,31.67,wireless earbuds,perfect fit very comfortable,56,83,67021.7,CA,enterprise
54,2024-02-17 03:35:18,1,13.97,laptop stand,amazing value highly recommend,47,115,72111.86,FR,free
54,2024-02-17 03:53:52,0,27.0,laptop stand,not worth the price disappointed,69,1553,30565.93,US,basic
54,2024-02-17 04:32:52,0,40.66,backpack,perfect fit very comfortable,27,228,40787.97,IN,premium
54,2024-02-17 04:44:50,1,36.59,coffee maker,works as expected average experience,57,918,53723.79,IN,free
54,2024-02-17 06:12:17,0,25.13,bluetooth speaker,works as expected average experience,49,107,57605.28,FR,free
54,2024-02-17 07:19:14,1,48.84,bluetooth speaker,works as expected average experience,46,726,81787.61,US,premium
54,2024-02-17 07:47:49,1,14.65,water bottle,works as expected average experience,44,658,48603.06,FR,enterprise
54,2024-02-17 07:50:13,0,26.4,desk lamp,works as expected average experience,52,966,46984.58,IN,free
54,2024-02-17 07:55:49,0,10.23,water bottle,works as expected average experience,68,1308,57643.46,UK,free
54,2024-02-17 08:13:00,0,15.9,coffee maker,excellent quality would buy again,28,1331,32802.35,IN,enterprise
54,2024-02-17 09:39:54,0,50.98,water bottle,perfect fit very comfortable,67,1186,29856.11,US,basic
54,2024-02-17 09:47:44,0,46.35,yoga mat,not worth the price disappointed,23,1778,42154.4,CA,enterprise
54,2024-02-17 10:03:47,0,27.5,desk lamp,arrived damaged poor packaging,69,101,32327.52,DE,basic
54,2024-02-17 10:33:40,0,17.38,backpack,works as expected average experience,58,1199,83682.9,CA,basic
54,2024-02-17 11:08:41,1,64.11,backpack,stopped working after a week,27,1001,32415.3,IN,free
54,2024-02-17 12:12:51,0,61.03,desk lamp,not worth the price disappointed,67,888,56207.11,IN,basic
54,2024-02-17 13:29:01,1,48.93,desk lamp,stopped working after a week,27,1375,77142.83,CA,free
54,2024-02-17 14:08:58,0,25.06,coffee maker,perfect fit very comfortable,57,702,20961.49,IN,basic
54,2024-02-17 15:31:47,0,38.17,water bottle,stopped working after a week,37,930,96455.31,FR,free
54,2024-02-17 15:43:56,0,5.43,wireless earbuds,excellent quality would buy again,35,1886,40850.91,AU,enterprise
54,2024-02-17 15:54:35,0,15.76,backpack,stopped working after a week,41,1775,81325.12,CA,enterprise
54,2024-02-17 16:01:11,1,37.81,running shoes,not worth the price disappointed,49,725,79942.65,AU,premium
54,2024-02-17 16:42:59,0,34.88,phone case,stopped working after a week,58,309,68179.08,DE,basic
54,2024-02-17 17:16:29,0,9.0,bluetooth speaker,not worth the price disappointed,56,300,46460.33,FR,basic
54,2024-02-17 17:24:09,1,127.75,backpack,excellent quality would buy again,35,1992,82018.56,US,basic
54,2024-02-17 17:35:36,0,39.35,phone case,stopped working after a week,50,1611,40964.89,IN,basic
54,2024-02-17 19:19:12,1,42.2,yoga mat,works as expected average experience,66,1190,34143.82,FR,free
54,2024-02-17 19:51:12,0,20.14,running shoes,perfect fit very comfortable,62,1099,32826.09,CA,enterprise
54,2024-02-17 21:17:47,1,33.92,yoga mat,excellent quality would buy again,38,932,59422.2,FR,premium
54,2024-02-17 21:46:12,1,61.91,coffee maker,amazing value highly recommend,33,1786,75495.37,US,premium
55,2024-01-19 03:06:16,0,26.51,running shoes,not worth the price disappointed,22,580,46349.79,FR,free
55,2024-01-19 03:19:39,0,19.39,laptop stand,great product fast shipping,49,272,46055.28,AU,free
55,2024-01-19 04:07:55,0,15.3,running shoes,arrived damaged poor packaging,61,79,91866.99,FR,basic
55,2024-01-19 04:51:37,0,8.32,wireless earbuds,great product fast shipping,50,1257,47162.4,DE,free
55,2024-01-19 05:55:13,0,20.36,phone case,amazing value highly recommend,30,1641,34356.68,US,premium
55,2024-01-19 06:36:13,0,42.94,water bottle,stopped working after a week,46,705,90712.05,CA,free
55,2024-01-19 06:43:58,0,31.22,water bottle,amazing value highly recommend,57,1007,63071.02,US,basic
55,2024-01-19 06:44:47,0,32.5,wireless earbuds,excellent quality would buy again,45,1157,62878.1,UK,free
55,2024-01-19 06:48:16,1,46.57,laptop stand,arrived damaged poor packaging,55,1451,31786.47,FR,premium
55,2024-01-19 13:00:35,0,14.33,phone case,great product fast shipping,69,1959,102589.91,AU,free
55,2024-01-19 13:06:11,1,52.83,phone case,great product fast shipping,48,147,28728.83,CA,free
55,2024-01-19 16:01:42,1,26.49,desk lamp,stopped working after a week,31,928,58258.72,IN,premium
55,2024-01-19 16:11:37,1,22.19,desk lamp,works as expected average experience,35,1126,60124.43,AU,premium
55,2024-01-19 16:50:00,1,53.56,running shoes,great product fast shipping,33,271,29754.05,AU,free
55,2024-01-19 17:47:49,0,14.03,bluetooth speaker,stopped working after a week,36,619,77264.7,DE,free
55,2024-01-19 18:01:47,0,32.9,coffee maker,great product fast shipping,51,1768,47809.64,AU,premium
55,2024-01-19 18:22:53,1,148.81,phone case,perfect fit very comfortable,21,976,40041.8,UK,free
55,2024-01-19 18:40:32,0,9.69,running shoes,works as expected average experience,48,145,41636.84,DE,free
55,2024-01-19 20:39:18,0,20.76,laptop stand,arrived damaged poor packaging,69,1787,41153.86,CA,premium
55,2024-01-19 20:54:28,1,39.67,desk lamp,not worth the price disappointed,56,1461,40454.11,AU,enterprise
55,2024-01-19 21:50:52,0,22.01,phone case,not worth the price disappointed,18,491,66937.56,DE,free
55,2024-01-19 21:55:01,1,54.61,running shoes,works as expected average experience,34,756,85017.52,AU,enterprise
55,2024-01-19 21:56:43,0,9.59,yoga mat,perfect fit very comfortable,26,1831,76440.19,AU,free
55,2024-01-19 22:33:12,0,10.16,coffee maker,great product fast shipping,32,409,37068.92,AU,basic
55,2024-01-19 23:03:14,0,17.52,desk lamp,amazing value highly recommend,19,975,36245.31,CA,premium
56,2024-02-06 00:33:26,0,24.87,wireless earbuds,arrived damaged poor packaging,20,643,59737.31,AU,free
56,2024-02-06 01:32:20,0,9.85,wireless earbuds,not worth the price disappointed,68,1180,28523.08,US,free
56,2024-02-06 04:14:06,1,77.59,yoga mat,arrived damaged poor packaging,59,829,38499.86,CA,basic
56,2024-02-06 06:07:21,0,64.07,wireless earbuds,stopped working after a week,40,358,41157.41,DE,free
56,2024-02-06 07:23:06,0,18.72,bluetooth speaker,arrived damaged poor packaging,69,885,25441.02,UK,free
56,2024-02-06 07:41:30,0,12.21,phone case,excellent quality would buy again,36,1223,31343.54,CA,basic
56,2024-02-06 07:43:59,1,50.4,backpack,arrived damaged poor packaging,20,915,86233.4,UK,premium
56,2024-02-06 07:52:29,0,44.91,desk lamp,not worth the price disappointed,36,740,43692.4,AU,premium
56,2024-02-06 08:42:05,1,33.33,laptop stand,stopped working after a week,43,1261,41400.24,UK,premium
56,2024-02-06 09:35:32,0,32.06,running shoes,arrived damaged poor packaging,35,334,59847.83,CA,basic
56,2024-02-06 09:36:05,0,34.9,desk lamp,great product fast shipping,65,1271,67030.87,AU,free
56,2024-02-06 10:34:08,0,5.72,bluetooth speaker,amazing value highly recommend,24,1248,59173.31,DE,free
56,2024-02-06 10:39:16,0,30.2,backpack,excellent quality would buy again,22,1487,44217.57,DE,premium
56,2024-02-06 12:28:04,0,49.14,bluetooth speaker,stopped working after a week,54,330,46367.83,FR,basic
56,2024-02-06 12:56:30,0,13.67,coffee maker,excellent quality would buy again,22,186,60753.71,AU,free
56,2024-02-06 13:04:02,1,36.73,bluetooth speaker,stopped working after a week,46,1769,33418.1,US,premium
56,2024-02-06 13:04:08,1,62.43,wireless earbuds,excellent quality would buy again,25,805,27603.72,AU,basic
56,2024-02-06 13:58:37,0,7.49,coffee maker,amazing value highly recommend,67,1784,52383.28,FR,premium
56,2024-02-06 14:38:29,0,22.3,running shoes,not worth the price disappointed,32,1003,69546.88,IN,basic
56,2024-02-06 14:38:43,1,88.47,laptop stand,arrived damaged poor packaging,35,1683,48997.11,DE,premium
56,2024-02-06 15:00:41,1,76.82,coffee maker,perfect fit very comfortable,31,1077,64417.71,UK,basic
56,2024-02-06 16:27:00,0,6.57,backpack,perfect fit very comfortable,38,1717,45460.57,IN,premium
56,2024-02-06 16:49:09,0,36.31,desk lamp,stopped working after a week,19,105,54678.36,US,free
56,2024-02-06 16:54:42,1,9.17,coffee maker,perfect fit very comfortable,45,72,78666.41,CA,free
56,2024-02-06 17:13:54,1,58.42,yoga mat,great product fast shipping,32,876,58683.2,AU,basic
56,2024-02-06 17:53:33,1,45.57,bluetooth speaker,perfect fit very comfortable,37,891,24378.8,DE,enterprise
56,2024-02-06 18:27:29,0,16.07,bluetooth speaker,stopped working after a week,68,703,59742.25,FR,premium
56,2024-02-06 20:20:07,1,314.68,yoga mat,arrived damaged poor packaging,62,1064,29841.63,CA,premium
56,2024-02-06 20:29:44,1,44.71,yoga mat,perfect fit very comfortable,62,1261,34623.22,UK,premium
56,2024-02-06 20:33:31,1,148.67,running shoes,arrived damaged poor packaging,36,1685,70898.05,AU,premium
56,2024-02-06 21:00:09,1,70.49,yoga mat,perfect fit very comfortable,39,1264,32566.03,AU,free
56,2024-02-06 22:27:44,1,15.14,backpack,perfect fit very comfortable,50,1685,66909.44,AU,premium
56,2024-02-06 22:52:12,1,26.89,running shoes,works as expected average experience,27,933,86573.16,AU,enterprise
56,2024-02-06 23:05:55,1,36.94,laptop stand,works as expected average experience,57,784,62418.63,FR,free
56,2024-02-06 23:25:37,1,126.08,desk lamp,not worth the price disappointed,51,339,71085.49,AU,free
57,2024-01-02 00:30:06,1,23.64,laptop stand,arrived damaged poor packaging,41,172,66298.11,UK,free
57,2024-01-02 02:31:33,1,156.44,laptop stand,stopped working after a week,35,1528,31262.87,CA,premium
57,2024-01-02 05:35:46,1,9.35,water bottle,not worth the price disappointed,32,1104,70494.94,AU,free
57,2024-01-02 05:45:55,0,15.57,running shoes,stopped working after a week,61,223,94839.85,DE,free
57,2024-01-02 05:51:39,1,35.88,running shoes,not worth the price disappointed,40,865,36141.98,DE,enterprise
57,2024-01-02 07:35:06,1,34.85,backpack,arrived damaged poor packaging,31,523,73373.49,CA,premium
57,2024-01-02 08:01:07,0,50.45,coffee maker,arrived damaged poor packaging,65,284,72609.32,US,free
57,2024-01-02 09:40:04,0,26.38,phone case,excellent quality would buy again,25,87,90507.92,DE,basic
57,2024-01-02 10:37:35,0,25.21,laptop stand,perfect fit very comfortable,65,802,32503.31,IN,basic
57,2024-01-02 10:57:17,0,16.83,yoga mat,great product fast shipping,52,1598,47619.71,UK,basic
57,2024-01-02 11:32:04,1,58.97,phone case,excellent quality would buy again,54,1712,45576.15,FR,premium
57,2024-01-02 11:45:20,0,101.78,backpack,arrived damaged poor packaging,25,776,78613.37,FR,free
57,2024-01-02 14:32:57,0,27.6,desk lamp,great product fast shipping,30,1236,69666.6,AU,premium
57,2024-01-02 15:01:46,1,106.64,laptop stand,works as expected average experience,55,445,55682.12,DE,free
57,2024-01-02 15:10:22,1,36.08,water bottle,not worth the price disappointed,49,854,20282.01,DE,free
57,2024-01-02 16:47:45,0,40.01,yoga mat,not worth the price disappointed,32,940,28475.66,FR,free
57,2024-01-02 17:52:47,1,72.45,laptop stand,great product fast shipping,26,1168,58580.94,AU,premium
57,2024-01-02 18:18:07,1,58.17,coffee maker,works as expected average experience,58,1099,46026.16,CA,premium
57,2024-01-02 18:21:07,0,32.13,laptop stand,not worth the price disappointed,36,1618,23778.69,AU,enterprise
57,2024-01-02 19:25:10,1,19.67,running shoes,works as expected average experience,58,668,85557.31,DE,free
57,2024-01-02 19:30:41,0,11.9,backpack,excellent quality would buy again,31,169,47797.2,FR,free
57,2024-01-02 20:14:23,0,24.56,yoga mat,perfect fit very comfortable,56,572,77219.39,CA,basic
57,2024-01-02 21:54:14,0,154.47,phone case,works as expected average experience,35,797,22476.46,AU,free
57,2024-01-02 22:10:22,0,34.37,yoga mat,stopped working after a week,57,98,42360.7,FR,free
57,2024-01-02 22:27:57,1,80.22,coffee maker,not worth the price disappointed,32,312,68458.18,US,free
57,2024-01-02 22:54:24,0,161.71,wireless earbuds,excellent quality would buy again,48,660,43095.86,IN,basic
57,2024-01-02 23:28:36,0,25.45,bluetooth speaker,stopped working after a week,30,1511,30555.73,DE,basic
57,2024-01-02 23:55:18,0,21.53,phone case,amazing value highly recommend,39,1340,27311.63,IN,enterprise
58,2024-01-21 00:10:48,0,27.71,wireless earbuds,amazing value highly recommend,52,216,55731.21,US,premium
58,2024-01-21 00:56:24,0,82.3,water bottle,works as expected average experience,57,735,76827.41,DE,free
58,2024-01-21 02:46:05,1,12.55,laptop stand,perfect fit very comfortable,33,890,27981.63,DE,premium
58,2024-01-21 02:46:36,0,27.39,desk lamp,great product fast shipping,65,63,27594.47,DE,free
58,2024-01-21 03:13:23,1,72.23,running shoes,arrived damaged poor packaging,39,202,33390.52,CA,free
58,2024-01-21 03:19:11,0,78.66,running shoes,perfect fit very comfortable,52,927,41901.43,FR,free
58,2024-01-21 03:41:42,1,78.53,backpack,stopped working after a week,36,893,74265.71,CA,basic
58,2024-01-21 04:01:29,1,53.98,water bottle,great product fast shipping,56,46,23065.41,UK,basic
58,2024-01-21 04:37:19,1,32.03,bluetooth speaker,great product fast shipping,39,1822,50780.8,IN,premium
58,2024-01-21 05:15:09,1,70.04,desk lamp,not worth the price disappointed,33,1209,50047.56,UK,enterprise
58,2024-01-21 05:37:42,1,66.65,laptop stand,great product fast shipping,45,1550,18942.1,DE,premium
58,2024-01-21 06:11:14,1,10.97,bluetooth speaker,works as expected average experience,20,1205,54881.78,FR,enterprise
58,2024-01-21 06:52:25,0,103.22,coffee maker,great product fast shipping,62,600,87203.78,CA,free
58,2024-01-21 06:52:31,1,104.86,backpack,excellent quality would buy again,35,1211,33144.98,US,basic
58,2024-01-21 06:56:37,0,10.7,laptop stand,great product fast shipping,35,59,55593.45,DE,premium
58,2024-01-21 06:58:36,0,79.55,phone case,stopped working after a week,54,631,39777.21,CA,basic
58,2024-01-21 07:19:44,0,11.56,wireless earbuds,perfect fit very comfortable,54,1835,33012.2,AU,basic
58,2024-01-21 08:04:01,1,33.61,water bottle,amazing value highly recommend,28,223,38974.74,AU,basic
58,2024-01-21 08:42:03,1,98.49,yoga mat,works as expected average experience,54,805,32565.22,AU,premium
58,2024-01-21 08:47:02,0,5.99,water bottle,amazing value highly recommend,24,1920,52706.72,CA,basic
58,2024-01-21 09:21:41,0,15.42,water bottle,great product fast shipping,66,563,81067.29,UK,basic
58,2024-01-21 09:50:22,0,7.27,bluetooth speaker,amazing value highly recommend,48,683,33145.78,UK,free
58,2024-01-21 10:48:51,0,26.43,bluetooth speaker,not worth the price disappointed,50,86,50788.51,CA,free
58,2024-01-21 10:54:25,0,22.22,backpack,works as expected average experience,42,752,22365.52,CA,free
58,2024-01-21 11:04:57,1,49.07,desk lamp,excellent quality would buy again,49,461,30768.41,US,premium
58,2024-01-21 13:42:12,0,11.62,desk lamp,works as expected average experience,57,1533,52467.42,AU,free
58,2024-01-21 14:03:47,1,172.62,laptop stand,perfect fit very comfortable,63,1591,47825.44,CA,premium
58,2024-01-21 14:31:04,1,35.57,coffee maker,excellent quality would buy again,58,397,67084.67,FR,free
58,2024-01-21 15:12:39,1,35.93,coffee maker,works as expected average experience,63,307,44210.47,DE,free
58,2024-01-21 15:28:32,1,61.42,laptop stand,excellent quality would buy again,32,1954,43591.52,UK,basic
58,2024-01-21 15:46:42,0,9.62,phone case,great product fast shipping,37,295,52711.68,IN,free
58,2024-01-21 16:47:50,1,59.52,coffee maker,arrived damaged poor packaging,50,251,80743.15,IN,premium
58,2024-01-21 18:35:02,1,40.95,coffee maker,excellent quality would buy again,51,1393,49144.7,IN,free
58,2024-01-21 19:08:24,0,67.46,coffee maker,amazing value highly recommend,65,1233,34583.44,UK,basic
58,2024-01-21 19:35:07,0,25.98,bluetooth speaker,works as expected average experience,21,743,24246.25,US,basic
58,2024-01-21 20:08:24,1,94.45,wireless earbuds,not worth the price disappointed,57,1065,63439.89,AU,free
58,2024-01-21 20:39:13,0,51.44,yoga mat,perfect fit very comfortable,55,149,57608.43,FR,free
58,2024-01-21 22:42:05,1,73.91,yoga mat,excellent quality would buy again,51,976,32824.22,DE,enterprise
58,2024-01-21 23:57:59,1,40.17,phone case,arrived damaged poor packaging,48,1561,50825.12,IN,basic
59,2024-01-27 00:01:47,0,48.28,bluetooth speaker,arrived damaged poor packaging,56,1826,75480.31,UK,free
59,2024-01-27 00:38:01,0,27.52,running shoes,excellent quality would buy again,32,1689,127355.89,US,basic
59,2024-01-27 01:40:16,1,47.38,laptop stand,great product fast shipping,64,509,82355.57,US,premium
59,2024-01-27 02:41:03,1,56.01,phone case,amazing value highly recommend,34,1296,58912.29,FR,free
59,2024-01-27 03:18:42,0,14.45,wireless earbuds,amazing value highly recommend,63,116,42547.08,AU,basic
59,2024-01-27 03:44:14,0,15.86,desk lamp,arrived damaged poor packaging,60,987,113841.68,FR,basic
59,2024-01-27 04:13:57,1,9.31,wireless earbuds,not worth the price disappointed,69,967,49883.93,AU,free
59,2024-01-27 05:21:59,1,47.33,running shoes,stopped working after a week,20,1329,57159.28,DE,basic
59,2024-01-27 05:50:51,1,9.66,coffee maker,works as expected average experience,21,107,90869.19,IN,free
59,2024-01-27 05:59:11,0,20.08,phone case,not worth the price disappointed,30,1200,40101.27,IN,free
59,2024-01-27 06:29:42,0,78.3,yoga mat,stopped working after a week,40,1822,56622.29,IN,free
59,2024-01-27 06:57:04,1,37.68,bluetooth speaker,arrived damaged poor packaging,62,589,34193.23,UK,enterprise
59,2024-01-27 07:04:54,1,115.46,backpack,perfect fit very comfortable,45,204,79189.51,IN,free
59,2024-01-27 09:37:33,0,27.25,desk lamp,excellent quality would buy again,39,742,39252.44,US,enterprise
59,2024-01-27 10:08:49,1,53.29,desk lamp,stopped working after a week,60,190,58068.54,IN,free
59,2024-01-27 10:09:50,0,116.11,laptop stand,works as expected average experience,19,1644,80804.9,DE,basic
59,2024-01-27 10:51:43,0,33.45,water bottle,amazing value highly recommend,19,1617,33693.16,FR,basic
59,2024-01-27 11:25:41,1,44.05,backpack,stopped working after a week,38,1920,52305.25,CA,premium
59,2024-01-27 12:01:06,0,30.27,wireless earbuds,excellent quality would buy again,51,716,29645.36,FR,basic
59,2024-01-27 12:09:14,1,45.05,desk lamp,arrived damaged poor packaging,48,557,74015.95,FR,basic
59,2024-01-27 13:15:08,0,11.49,running shoes,excellent quality would buy again,49,802,64055.18,IN,basic
59,2024-01-27 13:48:54,1,25.8,laptop stand,stopped working after a week,43,738,62378.76,US,premium
59,2024-01-27 14:07:34,1,49.83,coffee maker,great product fast shipping,40,553,50265.15,UK,free
59,2024-01-27 14:52:19,1,95.36,wireless earbuds,great product fast shipping,51,1603,20195.59,DE,basic
59,2024-01-27 15:11:01,0,28.65,backpack,stopped working after a week,59,1797,61658.36,FR,free
59,2024-01-27 15:39:52,0,43.88,bluetooth speaker,stopped working after a week,31,945,59664.19,AU,basic
59,2024-01-27 15:55:22,1,31.56,running shoes,perfect fit very comfortable,61,654,73342.9,IN,premium
59,2024-01-27 16:28:04,0,28.52,yoga mat,not worth the price disappointed,53,1178,34650.4,CA,premium
59,2024-01-27 17:03:39,0,18.51,water bottle,arrived damaged poor packaging,48,77,38061.42,IN,enterprise
59,2024-01-27 18:58:39,1,10.86,yoga mat,perfect fit very comfortable,67,1194,39352.97,AU,free
59,2024-01-27 19:06:55,1,94.22,water bottle,arrived damaged poor packaging,33,1789,40234.55,FR,basic
59,2024-01-27 19:58:50,1,34.2,backpack,excellent quality would buy again,25,1669,56297.68,CA,free
59,2024-01-27 21:03:56,0,55.07,backpack,great product fast shipping,19,606,27185.46,UK,free
59,2024-01-27 21:14:10,1,25.96,yoga mat,works as expected average experience,58,1365,103369.15,US,free
59,2024-01-27 22:23:22,0,12.78,water bottle,stopped working after a week,22,1773,84474.22,AU,enterprise
59,2024-01-27 22:31:21,1,51.25,coffee maker,excellent quality would buy again,43,1937,45713.3,IN,premium
59,2024-01-27 23:32:22,0,123.78,coffee maker,perfect fit very comfortable,25,844,43053.89,IN,basic
59,2024-01-27 23:48:32,0,11.38,phone case,amazing value highly recommend,55,1954,32736.57,DE,basic
60,2024-02-28 00:34:13,0,70.11,coffee maker,amazing value highly recommend,26,135,40970.57,FR,basic
60,2024-02-28 00:45:45,1,66.05,backpack,amazing value highly recommend,48,1070,45925.32,AU,premium
60,2024-02-28 01:14:02,1,8.47,bluetooth speaker,great product fast shipping,22,1245,66984.68,UK,enterprise
60,2024-02-28 02:17:05,1,43.89,bluetooth speaker,not worth the price disappointed,29,808,56769.94,US,premium
60,2024-02-28 02:32:35,0,38.15,coffee maker,amazing value highly recommend,28,1666,163174.37,UK,free
60,2024-02-28 02:50:15,0,26.76,running shoes,stopped working after a week,64,427,43746.25,FR,premium
60,2024-02-28 03:27:13,1,38.43,running shoes,amazing value highly recommend,53,1274,42703.46,DE,free
60,2024-02-28 04:01:02,0,44.28,bluetooth speaker,excellent quality would buy again,34,177,38599.92,US,free
60,2024-02-28 04:16:04,0,18.28,coffee maker,works as expected average experience,20,163,37895.72,IN,basic
60,2024-02-28 05:02:22,1,75.72,water bottle,excellent quality would buy again,52,1173,61310.53,DE,premium
60,2024-02-28 05:19:37,0,20.35,backpack,not worth the price disappointed,33,1334,44584.8,UK,premium
60,2024-02-28 05:38:43,1,49.03,running shoes,excellent quality would buy again,24,718,42168.7,FR,basic
60,2024-02-28 06:25:04,1,43.45,desk lamp,great product fast shipping,37,312,94461.36,CA,basic
60,2024-02-28 07:07:38,0,18.02,yoga mat,not worth the price disappointed,32,577,41684.77,FR,basic
60,2024-02-28 07:38:23,0,76.64,phone case,great product fast shipping,27,1454,57423.42,AU,free
60,2024-02-28 07:41:27,0,119.63,bluetooth speaker,great product fast shipping,67,1018,57736.36,CA,free
60,2024-02-28 07:43:01,0,12.78,running shoes,stopped working after a week,42,1697,40065.41,UK,basic
60,2024-02-28 07:46:11,1,52.72,desk lamp,great product fast shipping,33,197,67597.66,AU,basic
60,2024-02-28 08:28:48,0,45.96,coffee maker,excellent quality would buy again,41,1321,38840.24,US,free
60,2024-02-28 08:50:58,1,69.51,wireless earbuds,not worth the price disappointed,28,607,76661.26,FR,free
60,2024-02-28 09:28:19,1,58.78,bluetooth speaker,excellent quality would buy again,18,505,71035.25,CA,premium
60,2024-02-28 09:59:59,1,126.63,wireless earbuds,excellent quality would buy again,68,1523,58232.69,CA,premium
60,2024-02-28 10:11:40,0,12.84,coffee maker,excellent quality would buy again,58,786,47013.93,IN,basic
60,2024-02-28 11:04:08,1,52.18,phone case,perfect fit very comfortable,30,779,98197.33,AU,basic
60,2024-02-28 11:47:24,1,31.25,bluetooth speaker,works as expected average experience,34,1437,37866.14,AU,premium
60,2024-02-28 12:23:42,0,17.26,bluetooth speaker,not worth the price disappointed,61,788,66099.15,CA,free
60,2024-02-28 13:40:36,1,51.73,yoga mat,not worth the price disappointed,22,420,55295.82,DE,free
60,2024-02-28 16:08:03,0,27.05,bluetooth speaker,stopped working after a week,27,149,56952.55,IN,free
60,2024-02-28 16:20:54,1,58.8,water bottle,arrived damaged poor packaging,29,217,83242.25,CA,free
60,2024-02-28 16:24:05,0,29.28,yoga mat,amazing value highly recommend,60,138,37899.05,IN,free
60,2024-02-28 17:08:48,1,59.18,desk lamp,amazing value highly recommend,50,1581,40841.68,IN,free
60,2024-02-28 17:28:05,1,45.77,water bottle,great product fast shipping,54,1109,31139.18,FR,free
60,2024-02-28 17:58:18,1,65.41,laptop stand,amazing value highly recommend,40,768,33659.54,AU,basic
60,2024-02-28 18:18:50,0,27.96,yoga mat,works as expected average experience,38,1167,70814.53,DE,free
60,2024-02-28 18:53:56,1,17.1,desk lamp,excellent quality would buy again,66,1024,67282.48,IN,premium
60,2024-02-28 19:14:00,0,62.05,bluetooth speaker,perfect fit very comfortable,39,674,41258.03,DE,basic
60,2024-02-28 19:42:34,0,28.91,phone case,amazing value highly recommend,38,1446,65388.35,AU,enterprise
60,2024-02-28 19:58:15,1,36.26,desk lamp,great product fast shipping,47,922,27338.39,DE,free
60,2024-02-28 21:25:57,0,7.25,running shoes,stopped working after a week,34,1176,44396.39,AU,free
60,2024-02-28 21:44:47,0,12.12,coffee maker,works as expected average experience,40,1292,35685.01,US,basic
60,2024-02-28 22:28:32,1,99.99,running shoes,perfect fit very comfortable,60,1436,19380.5,UK,free
60,2024-02-28 23:26:23,0,19.7,yoga mat,amazing value highly recommend,58,729,35274.39,DE,premium
60,2024-02-28 23:59:10,1,25.33,coffee maker,excellent quality would buy again,29,1047,50723.08,DE,free
61,2024-01-13 00:00:44,0,97.31,water bottle,works as expected average experience,55,1338,41923.05,UK,free
61,2024-01-13 00:37:56,1,35.03,yoga mat,stopped working after a week,53,1371,65576.42,FR,premium
61,2024-01-13 00:50:10,0,20.97,wireless earbuds,great product fast shipping,29,1773,36693.61,AU,free
61,2024-01-13 01:02:34,0,7.52,yoga mat,not worth the price disappointed,24,234,24589.39,AU,free
61,2024-01-13 01:16:02,0,21.38,bluetooth speaker,excellent quality would buy again,46,832,44689.91,IN,premium
61,2024-01-13 01:33:49,1,8.86,wireless earbuds,great product fast shipping,48,1712,44085.33,US,free
61,2024-01-13 01:37:13,0,38.96,phone case,amazing value highly recommend,25,341,40450.05,CA,basic
61,2024-01-13 02:05:01,1,139.88,coffee maker,not worth the price disappointed,44,612,48212.28,AU,basic
61,2024-01-13 02:13:34,1,65.98,backpack,arrived damaged poor packaging,67,238,39084.74,IN,enterprise
61,2024-01-13 02:18:22,1,171.34,yoga mat,amazing value highly recommend,53,1552,26996.71,DE,premium
61,2024-01-13 02:22:18,0,23.52,backpack,amazing value highly recommend,57,71,51824.61,IN,basic
61,2024-01-13 03:31:29,1,63.11,phone case,works as expected average experience,35,865,57936.76,US,free
61,2024-01-13 03:41:04,1,31.52,phone case,amazing value highly recommend,28,404,32130.17,IN,premium
61,2024-01-13 04:01:55,1,106.33,bluetooth speaker,not worth the price disappointed,58,1901,59316.16,UK,basic
61,2024-01-13 05:26:26,0,31.83,phone case,amazing value highly recommend,38,656,71433.29,US,free
61,2024-01-13 06:26:30,1,62.13,bluetooth speaker,not worth the price disappointed,54,1527,36113.72,UK,basic
61,2024-01-13 06:44:01,1,14.6,yoga mat,works as expected average experience,56,1905,26230.22,CA,premium
61,2024-01-13 07:23:19,1,42.4,backpack,excellent quality would buy again,50,255,52276.06,DE,basic
61,2024-01-13 07:49:17,1,35.26,phone case,arrived damaged poor packaging,31,1953,28283.16,CA,free
61,2024-01-13 08:06:50,0,8.0,coffee maker,great product fast shipping,44,570,56793.02,FR,free
61,2024-01-13 08:12:46,0,10.9,coffee maker,amazing value highly recommend,23,202,47044.51,FR,basic
61,2024-01-13 09:28:03,0,18.9,water bottle,arrived damaged poor packaging,25,1018,34185.52,UK,free
61,2024-01-13 10:09:40,1,85.91,desk lamp,stopped working after a week,41,1462,57791.35,UK,free
61,2024-01-13 10:28:17,1,47.39,coffee maker,great product fast shipping,36,1001,81579.23,FR,basic
61,2024-01-13 10:54:54,0,20.83,wireless earbuds,excellent quality would buy again,35,184,36770.78,CA,free
61,2024-01-13 12:14:26,0,17.47,desk lamp,amazing value highly recommend,24,990,30381.47,US,free
61,2024-01-13 12:48:43,1,168.32,laptop stand,great product fast shipping,37,1124,71443.4,AU,basic
61,2024-01-13 12:56:04,1,17.95,water bottle,stopped working after a week,42,593,47832.02,CA,enterprise
61,2024-01-13 13:16:32,1,55.48,water bottle,works as expected average experience,33,1276,16020.9,CA,premium
61,2024-01-13 15:39:15,1,101.18,backpack,not worth the price disappointed,60,1552,58710.22,DE,free
61,2024-01-13 17:55:17,1,71.85,bluetooth speaker,excellent quality would buy again,64,1532,30378.61,US,premium
61,2024-01-13 18:35:27,1,243.27,running shoes,great product fast shipping,26,777,37570.25,IN,premium
61,2024-01-13 19:39:38,0,22.86,wireless earbuds,not worth the price disappointed,19,696,56343.04,CA,enterprise
61,2024-01-13 19:45:17,0,32.1,bluetooth speaker,perfect fit very comfortable,55,360,30878.56,AU,basic
61,2024-01-13 19:45:18,1,229.12,bluetooth speaker,great product fast shipping,31,1066,52119.91,CA,free
61,2024-01-13 20:25:01,0,24.5,desk lamp,excellent quality would buy again,26,1695,57541.71,DE,basic
61,2024-01-13 20:39:33,1,107.18,coffee maker,arrived damaged poor packaging,27,1582,67959.38,CA,enterprise
61,2024-01-13 21:05:51,0,11.36,yoga mat,arrived damaged poor packaging,20,1124,40058.29,DE,premium
61,2024-01-13 21:58:39,1,55.48,bluetooth speaker,great product fast shipping,44,1030,39880.45,UK,free
62,2024-01-17 01:03:16,1,103.39,water bottle,amazing value highly recommend,34,208,56836.89,CA,enterprise
62,2024-01-17 01:28:01,0,98.88,coffee maker,great product fast shipping,37,1508,52590.34,US,basic
62,2024-01-17 02:03:48,0,125.44,phone case,stopped working after a week,36,59,50430.04,CA,free
62,2024-01-17 02:51:13,1,11.28,wireless earbuds,stopped working after a week,49,1129,42368.71,DE,premium
62,2024-01-17 03:53:41,0,26.6,coffee maker,stopped working after a week,60,1461,46025.59,IN,free
62,2024-01-17 04:12:29,0,10.16,laptop stand,great product fast shipping,52,1251,33559.39,AU,free
62,2024-01-17 04:13:51,0,19.73,laptop stand,arrived damaged poor packaging,41,1726,50692.47,CA,premium
62,2024-01-17 04:50:06,0,31.47,yoga mat,great product fast shipping,57,273,36867.89,US,free
62,2024-01-17 05:00:03,0,11.79,coffee maker,perfect fit very comfortable,60,95,26179.68,CA,free
62,2024-01-17 05:15:37,1,29.91,water bottle,stopped working after a week,67,995,58821.34,UK,premium
62,2024-01-17 06:10:43,0,20.04,water bottle,arrived damaged poor packaging,38,1279,60373.49,AU,free
62,2024-01-17 07:25:11,1,59.23,water bottle,perfect fit very comfortable,24,1965,47279.09,DE,basic
62,2024-01-17 07:51:17,0,16.33,water bottle,great product fast shipping,69,1183,68424.0,DE,free
62,2024-01-17 08:05:38,1,30.81,laptop stand,amazing value highly recommend,18,1302,53461.91,FR,basic
62,2024-01-17 08:49:46,1,85.84,laptop stand,excellent quality would buy again,51,1874,34432.33,UK,enterprise
62,2024-01-17 09:33:50,0,34.51,yoga mat,arrived damaged poor packaging,56,1003,50962.62,AU,premium
62,2024-01-17 09:52:41,1,19.64,water bottle,stopped working after a week,66,661,25637.71,CA,premium
62,2024-01-17 11:09:08,1,54.85,phone case,amazing value highly recommend,66,1326,42827.71,UK,free
62,2024-01-17 12:06:01,1,166.95,running shoes,amazing value highly recommend,58,273,41759.67,CA,premium
62,2024-01-17 12:55:51,1,34.37,phone case,arrived damaged poor packaging,19,79,61263.19,UK,free
62,2024-01-17 13:05:39,1,43.75,wireless earbuds,perfect fit very comfortable,20,813,56570.33,US,free
62,2024-01-17 14:06:03,1,43.06,wireless earbuds,not worth the price disappointed,69,1548,48461.12,FR,enterprise
62,2024-01-17 15:00:35,0,28.87,water bottle,perfect fit very comfortable,33,942,68695.98,US,free
62,2024-01-17 15:34:05,0,26.82,bluetooth speaker,stopped working after a week,51,1543,55777.41,CA,premium
62,2024-01-17 17:08:40,0,88.37,coffee maker,works as expected average experience,65,754,46058.92,US,enterprise
62,2024-01-17 17:42:25,1,26.78,backpack,excellent quality would buy again,36,408,40337.71,UK,premium
62,2024-01-17 18:00:22,1,15.79,laptop stand,excellent quality would buy again,18,1939,34288.36,FR,enterprise
62,2024-01-17 18:02:08,1,96.46,laptop stand,excellent quality would buy again,66,1161,71618.88,AU,basic
62,2024-01-17 18:03:21,1,76.83,coffee maker,amazing value highly recommend,43,404,50633.68,US,free
62,2024-01-17 18:14:00,0,9.54,desk lamp,excellent quality would buy again,19,1478,35234.33,CA,basic
62,2024-01-17 19:45:16,0,24.18,laptop stand,stopped working after a week,40,1497,57803.18,US,premium
62,2024-01-17 23:05:02,1,40.04,laptop stand,amazing value highly recommend,25,761,60389.4,AU,premium
63,2024-01-25 00:09:18,0,14.33,backpack,not worth the price disappointed,56,533,84928.86,UK,basic
63,2024-01-25 00:38:16,0,41.03,water bottle,works as expected average experience,56,427,31089.35,DE,basic
63,2024-01-25 01:11:13,1,46.62,backpack,perfect fit very comfortable,27,1908,25534.91,UK,premium
63,2024-01-25 03:17:35,1,58.87,desk lamp,amazing value highly recommend,61,537,37914.6,AU,free
63,2024-01-25 04:18:34,0,27.49,desk lamp,great product fast shipping,20,562,44242.1,AU,premium
63,2024-01-25 04:24:26,1,33.51,desk lamp,excellent quality would buy again,21,544,43003.86,US,basic
63,2024-01-25 04:36:54,0,13.73,laptop stand,great product fast shipping,56,1794,111885.34,FR,free
63,2024-01-25 05:17:56,1,36.95,yoga mat,amazing value highly recommend,67,1413,47971.66,UK,basic
63,2024-01-25 06:02:45,0,11.15,laptop stand,amazing value highly recommend,38,306,41823.81,AU,basic
63,2024-01-25 06:14:39,1,11.5,backpack,perfect fit very comfortable,27,1427,53630.09,US,premium
63,2024-01-25 06:56:16,1,7.06,wireless earbuds,arrived damaged poor packaging,60,1453,27345.13,CA,basic
63,2024-01-25 08:54:17,1,36.94,laptop stand,excellent quality would buy again,20,181,66618.78,DE,basic
63,2024-01-25 08:55:43,0,58.83,water bottle,stopped working after a week,50,1673,87027.43,AU,free
63,2024-01-25 09:12:53,0,19.95,coffee maker,amazing value highly recommend,21,1215,39416.43,DE,free
63,2024-01-25 09:25:48,1,33.23,wireless earbuds,perfect fit very comfortable,26,349,36060.55,DE,enterprise
63,2024-01-25 10:46:10,0,153.29,laptop stand,great product fast shipping,67,819,87670.18,US,basic
63,2024-01-25 10:54:27,0,33.37,laptop stand,not worth the price disappointed,18,1786,41041.47,AU,basic
63,2024-01-25 11:08:21,0,14.29,bluetooth speaker,perfect fit very comfortable,44,1175,24639.37,FR,enterprise
63,2024-01-25 11:21:20,0,48.93,desk lamp,works as expected average experience,42,1034,74369.25,FR,free
63,2024-01-25 11:40:06,1,30.92,laptop stand,arrived damaged poor packaging,45,760,104589.65,CA,enterprise
63,2024-01-25 12:43:56,0,12.55,running shoes,excellent quality would buy again,64,797,49191.91,AU,basic
63,2024-01-25 13:13:18,1,35.29,water bottle,perfect fit very comfortable,41,187,59790.75,FR,premium
63,2024-01-25 13:35:38,0,53.98,bluetooth speaker,perfect fit very comfortable,45,1214,37397.03,IN,free
63,2024-01-25 14:26:14,1,97.53,water bottle,stopped working after a week,66,1991,30114.63,FR,free
63,2024-01-25 14:48:42,1,8.27,backpack,arrived damaged poor packaging,32,1460,53198.33,FR,premium
63,2024-01-25 14:51:37,0,7.02,phone case,great product fast shipping,27,1166,33847.86,DE,free
63,2024-01-25 15:41:05,0,43.74,coffee maker,arrived damaged poor packaging,28,1948,75484.2,CA,free
63,2024-01-25 15:44:44,1,50.47,phone case,amazing value highly recommend,32,1981,43138.68,FR,premium
63,2024-01-25 16:46:47,1,103.92,coffee maker,works as expected average experience,31,1177,88233.09,CA,basic
63,2024-01-25 17:03:10,0,23.14,phone case,excellent quality would buy again,47,852,40520.54,FR,free
63,2024-01-25 17:38:00,1,160.58,bluetooth speaker,works as expected average experience,36,698,70768.88,AU,free
63,2024-01-25 17:54:07,0,19.11,water bottle,great product fast shipping,52,1580,35902.51,DE,free
63,2024-01-25 19:53:06,1,51.9,laptop stand,great product fast shipping,18,466,44622.69,AU,enterprise
63,2024-01-25 20:29:20,0,65.54,coffee maker,perfect fit very comfortable,44,268,76764.86,FR,premium
63,2024-01-25 20:56:55,0,9.34,wireless earbuds,amazing value highly recommend,60,1967,52640.08,FR,premium
63,2024-01-25 21:00:07,1,45.69,yoga mat,not worth the price disappointed,24,140,72872.51,UK,premium
63,2024-01-25 22:01:45,0,16.03,desk lamp,amazing value highly recommend,57,1833,57766.4,IN,basic
63,2024-01-25 22:20:34,1,270.75,water bottle,great product fast shipping,67,713,44178.51,AU,premium
63,2024-01-25 22:43:04,1,52.13,wireless earbuds,not worth the price disappointed,30,217,69744.91,US,free
63,2024-01-25 22:52:17,1,23.49,yoga mat,amazing value highly recommend,37,492,67715.65,FR,premium
63,2024-01-25 22:56:13,0,28.93,backpack,not worth the price disappointed,26,716,46688.82,UK,free
63,2024-01-25 23:24:51,0,42.6,laptop stand,works as expected average experience,60,1283,33849.72,IN,basic
63,2024-01-25 23:42:20,1,54.52,running shoes,excellent quality would buy again,42,1590,72267.71,CA,basic
63,2024-01-25 23:46:09,1,40.66,backpack,not worth the price disappointed,22,1248,39397.89,CA,enterprise
64,2024-02-29 00:01:32,1,47.27,backpack,not worth the price disappointed,44,1071,45166.96,IN,free
64,2024-02-29 00:13:35,1,47.67,bluetooth speaker,amazing value highly recommend,52,629,37431.37,UK,free
64,2024-02-29 01:35:09,0,16.63,running shoes,amazing value highly recommend,25,669,52730.34,UK,premium
64,2024-02-29 02:29:29,0,14.16,phone case,not worth the price disappointed,24,79,44350.84,FR,free
64,2024-02-29 03:10:28,0,28.71,desk lamp,stopped working after a week,57,464,74660.73,DE,enterprise
64,2024-02-29 03:47:10,0,18.31,laptop stand,amazing value highly recommend,50,384,41983.04,AU,premium
64,2024-02-29 03:53:59,0,29.56,backpack,stopped working after a week,33,684,101999.21,AU,premium
64,2024-02-29 04:07:37,1,100.44,wireless earbuds,stopped working after a week,67,1307,97833.34,CA,free
64,2024-02-29 05:05:40,1,41.46,laptop stand,stopped working after a week,23,728,32039.75,DE,premium
64,2024-02-29 06:12:20,1,18.93,yoga mat,not worth the price disappointed,40,679,92153.81,CA,premium
64,2024-02-29 06:29:48,1,27.5,phone case,arrived damaged poor packaging,23,453,66319.61,AU,premium
64,2024-02-29 06:55:17,0,92.41,coffee maker,perfect fit very comfortable,18,945,35026.45,AU,basic
64,2024-02-29 07:33:14,0,26.51,phone case,perfect fit very comfortable,20,458,29787.96,FR,free
64,2024-02-29 08:21:52,0,31.8,desk lamp,works as expected average experience,51,1597,73215.78,DE,premium
64,2024-02-29 08:41:44,1,61.27,wireless earbuds,amazing value highly recommend,66,943,35523.37,UK,basic
64,2024-02-29 09:14:55,0,17.73,laptop stand,works as expected average experience,23,676,48239.81,DE,basic
64,2024-02-29 10:02:51,0,17.61,water bottle,arrived damaged poor packaging,51,833,43990.96,IN,basic
64,2024-02-29 10:48:39,1,48.25,backpack,great product fast shipping,34,1667,76958.43,AU,free
64,2024-02-29 12:31:33,1,53.39,desk lamp,stopped working after a week,56,251,29905.16,US,free
64,2024-02-29 13:28:09,1,16.23,backpack,excellent quality would buy again,53,489,15644.22,UK,free
64,2024-02-29 13:32:17,1,56.52,wireless earbuds,excellent quality would buy again,60,1814,51660.03,FR,free
64,2024-02-29 14:21:19,1,34.36,running shoes,stopped working after a week,37,588,36825.32,IN,basic
64,2024-02-29 15:20:42,0,29.44,running shoes,arrived damaged poor packaging,25,759,41097.58,AU,premium
64,2024-02-29 15:30:39,0,68.65,laptop stand,not worth the price disappointed,21,115,57031.91,CA,basic
64,2024-02-29 16:14:22,0,35.32,phone case,works as expected average experience,59,197,42477.15,AU,free
64,2024-02-29 18:06:37,1,50.29,backpack,great product fast shipping,20,1209,38895.08,IN,free
64,2024-02-29 18:11:23,0,29.01,coffee maker,excellent quality would buy again,27,304,41633.44,US,enterprise
64,2024-02-29 18:33:53,1,69.97,water bottle,great product fast shipping,51,1402,42317.07,US,free
64,2024-02-29 18:40:33,0,30.55,bluetooth speaker,amazing value highly recommend,49,973,51136.23,US,premium
64,2024-02-29 19:50:19,1,12.41,laptop stand,works as expected average experience,21,693,35246.26,FR,basic
64,2024-02-29 20:09:21,0,39.76,laptop stand,stopped working after a week,58,1354,22614.38,IN,free
64,2024-02-29 20:15:46,1,17.72,wireless earbuds,stopped working after a week,42,202,48449.17,UK,free
64,2024-02-29 21:28:05,0,57.81,laptop stand,works as expected average experience,50,1049,32777.87,DE,premium
65,2024-02-21 00:38:51,1,310.99,bluetooth speaker,perfect fit very comfortable,38,1456,40220.66,FR,premium
65,2024-02-21 01:25:39,0,23.17,coffee maker,perfect fit very comfortable,41,719,25397.18,DE,basic
65,2024-02-21 01:52:01,0,27.61,desk lamp,works as expected average experience,60,214,49741.92,DE,free
65,2024-02-21 02:16:52,1,41.5,yoga mat,works as expected average experience,65,1064,49131.08,FR,free
65,2024-02-21 02:22:47,1,68.03,coffee maker,arrived damaged poor packaging,37,244,35461.18,DE,free
65,2024-02-21 02:30:41,0,26.43,phone case,perfect fit very comfortable,31,1758,65036.09,IN,basic
65,2024-02-21 03:13:57,0,22.26,phone case,works as expected average experience,25,1609,80474.51,CA,free
65,2024-02-21 04:13:38,1,60.72,yoga mat,amazing value highly recommend,63,813,59899.78,AU,free
65,2024-02-21 04:41:30,0,18.06,yoga mat,great product fast shipping,19,81,77192.4,DE,enterprise
65,2024-02-21 04:58:03,0,93.64,running shoes,excellent quality would buy again,63,153,47947.01,FR,enterprise
65,2024-02-21 05:08:17,0,24.7,bluetooth speaker,excellent quality would buy again,36,1365,61109.56,AU,enterprise
65,2024-02-21 05:09:51,1,113.93,coffee maker,arrived damaged poor packaging,47,476,48624.82,UK,basic
65,2024-02-21 07:13:40,0,8.44,wireless earbuds,perfect fit very comfortable,22,1800,152013.22,AU,basic
65,2024-02-21 08:09:40,1,22.41,coffee maker,stopped working after a week,45,309,64336.94,CA,enterprise
65,2024-02-21 09:57:14,0,18.51,yoga mat,excellent quality would buy again,19,1935,31530.8,CA,basic
65,2024-02-21 10:08:44,0,19.98,water bottle,arrived damaged poor packaging,65,1314,27885.64,US,free
65,2024-02-21 11:08:00,0,9.3,running shoes,perfect fit very comfortable,57,1885,46364.13,US,basic
65,2024-02-21 11:16:44,0,40.35,laptop stand,not worth the price disappointed,53,1371,65217.6,US,free
65,2024-02-21 11:22:43,1,19.33,bluetooth speaker,arrived damaged poor packaging,52,856,41337.62,AU,premium
65,2024-02-21 11:23:31,1,35.05,bluetooth speaker,great product fast shipping,23,274,60766.14,US,basic
65,2024-02-21 11:25:34,1,58.04,coffee maker,not worth the price disappointed,24,1147,46270.18,CA,basic
65,2024-02-21 12:30:52,1,28.72,running shoes,arrived damaged poor packaging,58,979,38089.19,UK,basic
65,2024-02-21 14:03:30,1,22.66,bluetooth speaker,great product fast shipping,69,1015,45189.2,CA,free
65,2024-02-21 15:38:13,0,28.25,yoga mat,arrived damaged poor packaging,50,1464,29912.19,UK,free
65,2024-02-21 16:18:31,1,54.9,water bottle,amazing value highly recommend,18,676,75128.46,FR,premium
65,2024-02-21 19:55:15,1,18.38,bluetooth speaker,works as expected average experience,20,775,62991.99,IN,enterprise
65,2024-02-21 20:10:16,1,322.54,running shoes,stopped working after a week,65,659,52074.36,CA,basic
65,2024-02-21 20:38:48,0,11.97,desk lamp,not worth the price disappointed,39,1876,111664.9,CA,premium
65,2024-02-21 21:21:58,1,54.92,backpack,arrived damaged poor packaging,28,1140,57772.57,DE,basic
65,2024-02-21 21:24:58,0,8.73,laptop stand,perfect fit very comfortable,66,1942,62048.1,US,free
65,2024-02-21 22:27:10,1,24.54,water bottle,stopped working after a week,28,892,37781.54,FR,free
66,2024-01-03 00:46:32,1,79.23,yoga mat,not worth the price disappointed,34,1522,30562.02,UK,premium
66,2024-01-03 01:03:36,0,14.23,coffee maker,great product fast shipping,58,970,39332.57,US,premium
66,2024-01-03 01:13:14,1,44.71,backpack,stopped working after a week,62,1670,34126.58,CA,free
66,2024-01-03 01:19:35,0,53.1,wireless earbuds,works as expected average experience,52,550,47772.03,IN,free
66,2024-01-03 01:29:45,0,25.65,coffee maker,excellent quality would buy again,41,556,46453.6,UK,basic
66,2024-01-03 02:23:45,1,47.84,backpack,not worth the price disappointed,19,334,80359.67,AU,basic
66,2024-01-03 02:28:54,1,22.61,desk lamp,perfect fit very comfortable,45,1566,70766.62,US,basic
66,2024-01-03 02:34:39,1,7.33,yoga mat,amazing value highly recommend,31,274,48274.32,AU,premium
66,2024-01-03 02:46:04,1,7.52,coffee maker,arrived damaged poor packaging,26,1854,64057.11,DE,basic
66,2024-01-03 02:55:38,0,12.52,running shoes,stopped working after a week,23,1215,27201.44,CA,basic
66,2024-01-03 03:26:15,1,10.16,coffee maker,amazing value highly recommend,42,1683,35239.9,CA,basic
66,2024-01-03 04:19:37,1,45.5,phone case,perfect fit very comfortable,50,1468,28615.47,US,free
66,2024-01-03 04:46:48,0,25.44,backpack,works as expected average experience,42,1056,27657.04,US,enterprise
66,2024-01-03 04:55:45,0,11.3,bluetooth speaker,excellent quality would buy again,31,663,27154.59,AU,free
66,2024-01-03 05:02:21,1,64.8,backpack,works as expected average experience,26,1305,49746.71,IN,premium
66,2024-01-03 05:51:47,1,42.2,coffee maker,works as expected average experience,65,1416,48360.35,AU,basic
66,2024-01-03 06:21:19,0,47.32,wireless earbuds,not worth the price disappointed,34,1267,43867.63,UK,free
66,2024-01-03 07:41:22,1,7.93,running shoes,arrived damaged poor packaging,56,1915,24095.8,UK,free
66,2024-01-03 08:12:51,1,69.39,yoga mat,works as expected average experience,61,897,57035.53,CA,free
66,2024-01-03 08:15:05,0,23.21,desk lamp,perfect fit very comfortable,44,1777,48020.37,UK,basic
66,2024-01-03 08:34:36,1,84.42,desk lamp,great product fast shipping,30,1228,36503.23,UK,premium
66,2024-01-03 08:39:29,0,60.8,phone case,arrived damaged poor packaging,34,868,32956.35,US,free
66,2024-01-03 09:37:49,0,31.82,wireless earbuds,works as expected average experience,48,1639,46848.04,US,enterprise
66,2024-01-03 09:46:32,1,142.58,yoga mat,amazing value highly recommend,49,1733,52571.98,IN,free
66,2024-01-03 10:02:54,0,23.3,coffee maker,perfect fit very comfortable,36,965,34974.46,UK,free
66,2024-01-03 10:37:21,0,8.78,wireless earbuds,perfect fit very comfortable,63,171,47901.2,DE,premium
66,2024-01-03 11:02:09,1,15.55,water bottle,excellent quality would buy again,51,1182,48970.99,US,enterprise
66,2024-01-03 12:36:13,0,31.44,phone case,perfect fit very comfortable,64,1596,45774.34,AU,free
66,2024-01-03 12:37:31,0,59.01,wireless earbuds,perfect fit very comfortable,26,1400,47105.51,US,free
66,2024-01-03 14:39:05,1,60.36,phone case,works as expected average experience,62,1256,46021.76,UK,free
66,2024-01-03 14:52:10,0,97.65,laptop stand,not worth the price disappointed,44,57,38555.97,UK,free
66,2024-01-03 16:36:27,0,24.54,desk lamp,arrived damaged poor packaging,19,1442,59942.06,IN,basic
66,2024-01-03 16:47:09,0,16.04,backpack,excellent quality would buy again,29,468,26312.92,FR,free
66,2024-01-03 18:04:32,0,31.28,water bottle,not worth the price disappointed,46,231,51839.14,DE,free
66,2024-01-03 18:06:09,1,22.32,water bottle,perfect fit very comfortable,63,739,48964.93,IN,free
66,2024-01-03 19:13:37,0,46.35,desk lamp,not worth the price disappointed,65,1951,46155.05,CA,free
66,2024-01-03 19:40:31,1,114.32,bluetooth speaker,not worth the price disappointed,36,1068,35525.41,US,free
66,2024-01-03 20:27:25,0,34.26,coffee maker,arrived damaged poor packaging,50,1896,33121.4,CA,basic
66,2024-01-03 21:19:14,0,51.26,yoga mat,amazing value highly recommend,68,155,31438.18,IN,free
66,2024-01-03 22:18:14,1,69.55,backpack,stopped working after a week,41,576,72134.14,DE,free
66,2024-01-03 22:18:43,0,15.66,wireless earbuds,excellent quality would buy again,33,443,58959.74,AU,free
66,2024-01-03 23:06:10,1,137.69,desk lamp,amazing value highly recommend,35,837,55399.98,CA,basic
66,2024-01-03 23:55:12,1,28.88,running shoes,stopped working after a week,38,654,56098.13,FR,free
67,2024-01-15 02:04:22,1,72.7,wireless earbuds,arrived damaged poor packaging,22,1621,37013.94,FR,basic
67,2024-01-15 02:28:43,0,183.97,running shoes,perfect fit very comfortable,65,1588,42473.15,AU,basic
67,2024-01-15 03:04:23,0,26.99,desk lamp,great product fast shipping,40,582,51750.07,UK,basic
67,2024-01-15 04:05:17,1,45.73,coffee maker,amazing value highly recommend,23,1501,40704.76,UK,premium
67,2024-01-15 04:38:13,1,13.46,laptop stand,great product fast shipping,32,1509,50324.84,UK,premium
67,2024-01-15 05:12:16,1,39.97,wireless earbuds,perfect fit very comfortable,20,1225,24894.84,CA,free
67,2024-01-15 06:57:17,0,31.49,backpack,stopped working after a week,41,170,40945.9,IN,basic
67,2024-01-15 07:42:21,1,39.84,coffee maker,works as expected average experience,53,1201,66453.31,IN,free
67,2024-01-15 07:46:28,0,18.19,bluetooth speaker,amazing value highly recommend,23,1498,42429.21,US,premium
67,2024-01-15 07:49:29,0,21.73,phone case,perfect fit very comfortable,50,1158,21186.99,IN,enterprise
67,2024-01-15 09:08:15,1,26.04,backpack,amazing value highly recommend,47,1774,62772.4,AU,premium
67,2024-01-15 09:32:26,0,88.73,desk lamp,perfect fit very comfortable,41,718,25545.16,UK,basic
67,2024-01-15 11:14:30,0,27.76,running shoes,great product fast shipping,52,1669,31047.33,DE,free
67,2024-01-15 11:17:02,0,25.45,coffee maker,amazing value highly recommend,29,207,36833.6,IN,basic
67,2024-01-15 11:50:53,0,18.44,laptop stand,stopped working after a week,28,1487,29869.92,US,basic
67,2024-01-15 11:58:02,0,27.21,running shoes,stopped working after a week,27,1343,64801.09,UK,basic
67,2024-01-15 12:44:24,1,83.01,bluetooth speaker,stopped working after a week,43,859,25440.42,US,basic
67,2024-01-15 13:50:40,0,4.05,water bottle,arrived damaged poor packaging,42,1975,34299.46,US,basic
67,2024-01-15 14:02:02,0,27.98,desk lamp,works as expected average experience,30,1317,40448.0,UK,basic
67,2024-01-15 15:42:36,1,65.59,phone case,perfect fit very comfortable,41,1413,41569.06,UK,premium
67,2024-01-15 19:04:31,0,31.47,wireless earbuds,amazing value highly recommend,32,121,51785.49,CA,free
67,2024-01-15 19:09:52,0,28.72,backpack,amazing value highly recommend,66,1185,54536.16,DE,free
67,2024-01-15 19:13:56,1,41.02,wireless earbuds,excellent quality would buy again,28,495,40136.0,IN,basic
67,2024-01-15 19:19:37,1,71.31,wireless earbuds,arrived damaged poor packaging,50,1847,55536.17,DE,premium
67,2024-01-15 19:20:54,1,37.61,running shoes,perfect fit very comfortable,35,759,63380.36,UK,premium
67,2024-01-15 21:58:41,0,17.02,running shoes,works as expected average experience,56,1332,45060.22,CA,basic
67,2024-01-15 22:11:54,1,30.6,wireless earbuds,perfect fit very comfortable,36,889,52311.15,CA,premium
67,2024-01-15 22:46:02,1,42.14,coffee maker,arrived damaged poor packaging,45,1622,50320.5,FR,enterprise
67,2024-01-15 22:57:21,1,115.39,running shoes,amazing value highly recommend,50,1629,88176.59,UK,basic
67,2024-01-15 23:18:04,1,38.35,running shoes,amazing value highly recommend,25,1506,104772.17,AU,premium
67,2024-01-15 23:29:13,0,25.95,backpack,perfect fit very comfortable,69,1217,61238.7,IN,basic
67,2024-01-15 23:33:54,0,15.27,phone case,not worth the price disappointed,62,354,36037.52,IN,enterprise
68,2024-02-19 00:44:42,1,104.05,laptop stand,arrived damaged poor packaging,25,943,51921.14,IN,basic
68,2024-02-19 06:30:08,0,11.21,backpack,perfect fit very comfortable,41,1916,41070.1,AU,free
68,2024-02-19 06:59:21,0,23.89,coffee maker,arrived damaged poor packaging,56,120,28001.79,IN,premium
68,2024-02-19 07:54:08,1,18.29,desk lamp,works as expected average experience,57,1454,56138.32,AU,premium
68,2024-02-19 08:36:29,0,29.65,wireless earbuds,not worth the price disappointed,67,687,41576.88,US,free
68,2024-02-19 09:05:49,1,35.47,backpack,arrived damaged poor packaging,60,242,56688.92,FR,enterprise
68,2024-02-19 09:12:31,1,13.21,wireless earbuds,amazing value highly recommend,42,1380,38874.15,IN,premium
68,2024-02-19 09:23:44,0,17.31,water bottle,excellent quality would buy again,61,505,43825.58,IN,basic
68,2024-02-19 09:48:29,0,28.91,desk lamp,works as expected average experience,60,363,37468.55,AU,basic
68,2024-02-19 10:21:23,0,30.87,wireless earbuds,excellent quality would buy again,35,543,44473.03,IN,basic
68,2024-02-19 10:33:09,1,10.96,backpack,excellent quality would buy again,55,701,49142.67,US,premium
68,2024-02-19 10:49:30,0,25.06,bluetooth speaker,arrived damaged poor packaging,33,1160,43286.09,FR,basic
68,2024-02-19 11:05:01,1,33.39,bluetooth speaker,perfect fit very comfortable,37,1298,23764.85,CA,free
68,2024-02-19 13:37:49,0,7.41,water bottle,stopped working after a week,49,1402,138092.87,DE,enterprise
68,2024-02-19 13:51:27,1,52.59,wireless earbuds,works as expected average experience,24,1114,38901.75,IN,free
68,2024-02-19 14:08:38,0,41.49,phone case,works as expected average experience,28,1032,45509.74,FR,basic
68,2024-02-19 15:11:44,0,145.53,yoga mat,amazing value highly recommend,61,1826,85514.8,IN,basic
68,2024-02-19 16:00:04,1,25.66,phone case,works as expected average experience,63,469,46439.55,US,premium
68,2024-02-19 17:31:55,1,66.23,water bottle,works as expected average experience,39,1410,42071.67,AU,premium
68,2024-02-19 18:33:02,1,53.14,phone case,not worth the price disappointed,37,846,31685.74,AU,basic
68,2024-02-19 19:12:58,1,41.96,running shoes,stopped working after a week,42,1046,39578.89,CA,free
68,2024-02-19 19:14:57,0,30.72,phone case,not worth the price disappointed,61,126,51588.35,CA,basic
68,2024-02-19 20:47:14,0,17.82,water bottle,amazing value highly recommend,33,857,33154.78,IN,basic
68,2024-02-19 22:14:32,0,5.12,bluetooth speaker,works as expected average experience,44,638,42875.28,US,basic
68,2024-02-19 22:23:12,0,296.37,coffee maker,arrived damaged poor packaging,36,1950,34221.62,FR,basic
68,2024-02-19 23:15:47,1,35.63,wireless earbuds,perfect fit very comfortable,29,563,40172.91,CA,basic
69,2024-01-04 01:41:32,0,46.24,running shoes,great product fast shipping,40,1752,52224.37,IN,free
69,2024-01-04 02:16:16,0,51.95,water bottle,not worth the price disappointed,46,1425,38681.51,FR,basic
69,2024-01-04 02:30:37,0,12.52,laptop stand,perfect fit very comfortable,32,1429,35002.36,CA,basic
69,2024-01-04 03:59:07,0,14.57,wireless earbuds,amazing value highly recommend,33,1003,98070.53,AU,basic
69,2024-01-04 04:21:18,0,26.85,water bottle,not worth the price disappointed,29,1967,51324.24,IN,basic
69,2024-01-04 05:08:56,0,42.76,phone case,perfect fit very comfortable,52,783,67109.89,AU,basic
69,2024-01-04 06:10:41,1,89.0,wireless earbuds,not worth the price disappointed,21,1437,44007.28,CA,enterprise
69,2024-01-04 07:20:11,1,33.58,desk lamp,stopped working after a week,48,1879,46121.18,UK,free
69,2024-01-04 07:41:49,1,123.25,running shoes,great product fast shipping,46,1140,63548.36,FR,basic
69,2024-01-04 08:17:51,1,13.82,coffee maker,perfect fit very comfortable,49,163,44749.87,UK,premium
69,2024-01-04 08:24:36,0,12.53,phone case,not worth the price disappointed,22,68,78257.38,UK,basic
69,2024-01-04 08:52:32,0,12.85,bluetooth speaker,works as expected average experience,52,1767,76698.11,IN,free
69,2024-01-04 09:05:10,1,125.38,coffee maker,perfect fit very comfortable,49,563,66643.28,US,basic
69,2024-01-04 09:20:17,1,45.67,yoga mat,not worth the price disappointed,50,1205,53942.57,CA,premium
69,2024-01-04 12:00:56,0,22.37,water bottle,perfect fit very comfortable,20,1029,53526.11,DE,free
69,2024-01-04 12:37:42,0,18.09,coffee maker,excellent quality would buy again,35,1953,125187.96,US,free
69,2024-01-04 12:46:17,1,42.61,laptop stand,great product fast shipping,20,546,56333.98,DE,free
69,2024-01-04 12:46:42,1,42.9,bluetooth speaker,works as expected average experience,68,1845,47884.5,DE,basic
69,2024-01-04 13:18:20,1,58.63,water bottle,excellent quality would buy again,68,1813,38614.03,AU,free
69,2024-01-04 13:30:14,1,41.98,yoga mat,perfect fit very comfortable,41,1554,53764.18,DE,free
69,2024-01-04 14:20:14,0,18.53,coffee maker,amazing value highly recommend,52,1202,120451.88,FR,enterprise
69,2024-01-04 15:48:36,1,45.42,water bottle,stopped working after a week,18,1422,63943.55,FR,premium
69,2024-01-04 16:03:17,1,10.69,coffee maker,arrived damaged poor packaging,63,1935,38049.55,FR,premium
69,2024-01-04 17:21:17,0,12.56,backpack,arrived damaged poor packaging,68,1110,66453.91,US,basic
69,2024-01-04 18:07:58,1,102.03,backpack,perfect fit very comfortable,32,1455,56103.06,UK,free
69,2024-01-04 18:11:46,0,22.4,backpack,arrived damaged poor packaging,64,1706,38452.66,DE,free
69,2024-01-04 18:43:54,0,11.69,coffee maker,works as expected average experience,24,1552,63040.0,CA,basic
69,2024-01-04 19:50:34,1,34.64,yoga mat,arrived damaged poor packaging,36,1439,28604.86,CA,premium
69,2024-01-04 20:43:05,0,13.48,water bottle,amazing value highly recommend,57,1923,50921.71,UK,free
69,2024-01-04 22:15:36,1,23.79,water bottle,perfect fit very comfortable,27,1784,36245.31,US,premium
69,2024-01-04 23:14:36,0,11.91,bluetooth speaker,works as expected average experience,54,603,59216.75,CA,free
69,2024-01-04 23:17:08,0,8.39,water bottle,stopped working after a week,18,1302,45875.29,UK,basic
69,2024-01-04 23:17:44,1,15.11,running shoes,great product fast shipping,50,1678,68561.02,FR,premium
69,2024-01-04 23:48:57,0,5.09,coffee maker,works as expected average experience,63,779,48721.23,CA,free
70,2024-02-21 00:06:39,1,27.53,coffee maker,not worth the price disappointed,36,1113,34091.71,US,free
70,2024-02-21 00:07:52,0,25.72,water bottle,arrived damaged poor packaging,25,1089,32663.18,IN,free
70,2024-02-21 00:38:12,0,229.97,coffee maker,great product fast shipping,30,376,62856.41,UK,basic
70,2024-02-21 00:55:30,1,234.41,bluetooth speaker,works as expected average experience,23,748,39925.58,IN,free
70,2024-02-21 01:15:42,1,14.22,water bottle,works as expected average experience,33,264,36441.88,FR,premium
70,2024-02-21 01:23:54,1,43.86,wireless earbuds,not worth the price disappointed,23,1416,52849.67,CA,basic
70,2024-02-21 01:59:53,0,97.72,coffee maker,great product fast shipping,57,688,45559.87,AU,premium
70,2024-02-21 02:29:38,0,19.9,bluetooth speaker,great product fast shipping,33,94,26045.73,UK,free
70,2024-02-21 03:37:29,0,5.53,water bottle,not worth the price disappointed,63,890,43737.47,CA,free
70,2024-02-21 04:52:26,1,39.53,yoga mat,works as expected average experience,47,1865,99343.49,AU,premium
70,2024-02-21 05:44:51,0,25.71,yoga mat,arrived damaged poor packaging,56,1343,63712.49,US,premium
70,2024-02-21 07:56:13,1,67.4,backpack,amazing value highly recommend,44,1207,42404.51,FR,basic
70,2024-02-21 08:03:13,1,22.63,wireless earbuds,amazing value highly recommend,50,1566,57631.43,CA,basic
70,2024-02-21 08:57:12,0,18.09,coffee maker,works as expected average experience,34,1554,35852.36,CA,basic
70,2024-02-21 09:25:10,1,138.76,laptop stand,works as expected average experience,52,1442,30785.03,US,premium
70,2024-02-21 10:51:07,1,42.88,wireless earbuds,great product fast shipping,21,478,48870.91,IN,premium
70,2024-02-21 11:10:41,1,45.43,backpack,works as expected average experience,63,1142,37582.2,FR,free
70,2024-02-21 11:54:50,0,19.67,coffee maker,amazing value highly recommend,28,218,32568.06,DE,basic
70,2024-02-21 13:30:14,0,10.0,desk lamp,excellent quality would buy again,66,732,45766.6,FR,premium
70,2024-02-21 13:33:42,0,60.59,yoga mat,arrived damaged poor packaging,24,742,69389.69,US,free
70,2024-02-21 13:37:38,1,13.72,yoga mat,stopped working after a week,60,1708,31121.19,AU,premium
70,2024-02-21 13:53:43,1,56.26,coffee maker,great product fast shipping,66,597,83399.21,UK,premium
70,2024-02-21 14:47:55,0,9.07,running shoes,amazing value highly recommend,50,306,56656.78,AU,free
70,2024-02-21 15:45:27,1,54.71,wireless earbuds,stopped working after a week,47,1772,66797.42,UK,enterprise
70,2024-02-21 16:19:48,1,14.32,laptop stand,works as expected average experience,27,1820,100106.26,US,premium
70,2024-02-21 17:50:34,0,11.52,water bottle,amazing value highly recommend,52,1165,36703.22,US,basic
70,2024-02-21 18:52:46,0,56.41,coffee maker,works as expected average experience,18,371,36096.46,US,free
70,2024-02-21 20:19:56,1,11.08,bluetooth speaker,excellent quality would buy again,35,874,61629.96,US,free
70,2024-02-21 20:25:17,1,14.22,laptop stand,excellent quality would buy again,18,1785,42721.64,CA,enterprise
70,2024-02-21 20:27:05,0,27.24,running shoes,not worth the price disappointed,26,810,45278.03,UK,basic
70,2024-02-21 21:05:25,0,10.62,coffee maker,works as expected average experience,62,1147,62532.6,IN,basic
70,2024-02-21 21:08:02,1,62.31,backpack,perfect fit very comfortable,36,1625,34799.64,IN,free
70,2024-02-21 21:55:20,0,14.4,bluetooth speaker,arrived damaged poor packaging,66,603,34524.63,IN,premium
70,2024-02-21 22:06:42,1,55.36,wireless earbuds,amazing value highly recommend,31,552,28311.47,DE,free
70,2024-02-21 22:10:24,1,42.81,running shoes,stopped working after a week,25,970,45245.35,UK,premium
70,2024-02-21 22:27:23,1,9.25,laptop stand,arrived damaged poor packaging,31,508,28812.49,UK,basic
70,2024-02-21 22:28:14,0,33.45,water bottle,stopped working after a week,53,1061,34902.61,UK,basic
70,2024-02-21 22:41:32,0,9.22,water bottle,great product fast shipping,35,1274,40656.53,FR,enterprise
70,2024-02-21 23:29:36,1,9.8,yoga mat,great product fast shipping,31,1939,28697.6,UK,basic
70,2024-02-21 23:43:16,0,10.51,running shoes,works as expected average experience,62,1480,37270.43,IN,free
71,2024-01-17 01:50:26,1,89.09,laptop stand,perfect fit very comfortable,48,1521,44327.58,DE,basic
71,2024-01-17 02:25:35,1,72.72,coffee maker,perfect fit very comfortable,43,654,29678.77,CA,basic
71,2024-01-17 02:48:53,0,18.03,desk lamp,works as expected average experience,47,1992,90137.65,US,basic
71,2024-01-17 03:35:39,0,34.97,phone case,amazing value highly recommend,55,1650,59023.86,AU,free
71,2024-01-17 03:51:14,1,39.13,bluetooth speaker,arrived damaged poor packaging,53,1903,32861.34,US,premium
71,2024-01-17 04:30:09,0,32.07,backpack,works as expected average experience,55,1938,42280.0,US,free
71,2024-01-17 05:09:23,0,36.31,running shoes,perfect fit very comfortable,42,1418,40234.09,DE,basic
71,2024-01-17 05:46:37,0,16.94,phone case,stopped working after a week,46,1746,35952.31,IN,free
71,2024-01-17 06:29:17,1,79.79,laptop stand,arrived damaged poor packaging,69,520,47339.89,UK,premium
71,2024-01-17 08:59:13,0,6.67,phone case,excellent quality would buy again,33,1539,51250.23,UK,free
71,2024-01-17 09:21:10,0,20.02,coffee maker,great product fast shipping,66,1967,93283.71,IN,basic
71,2024-01-17 10:26:00,1,86.47,coffee maker,perfect fit very comfortable,30,609,31337.05,CA,basic
71,2024-01-17 11:55:05,1,108.24,water bottle,arrived damaged poor packaging,57,83,36258.63,CA,free
71,2024-01-17 12:07:41,1,94.41,water bottle,stopped working after a week,39,408,29966.87,UK,enterprise
71,2024-01-17 12:52:32,0,25.96,coffee maker,not worth the price disappointed,54,1646,36722.63,DE,premium
71,2024-01-17 13:54:38,0,33.81,yoga mat,not worth the price disappointed,21,793,53735.34,CA,premium
71,2024-01-17 14:15:45,1,222.98,phone case,great product fast shipping,67,1932,43386.71,DE,free
71,2024-01-17 16:07:45,1,45.48,running shoes,not worth the price disappointed,49,1693,29686.1,AU,basic
71,2024-01-17 18:35:52,0,48.22,running shoes,arrived damaged poor packaging,62,1135,77450.78,AU,basic
71,2024-01-17 19:00:17,1,94.29,yoga mat,perfect fit very comfortable,67,35,75934.46,CA,premium
71,2024-01-17 19:27:47,0,17.06,laptop stand,perfect fit very comfortable,49,1269,45928.73,IN,basic
71,2024-01-17 20:26:10,0,31.68,wireless earbuds,excellent quality would buy again,56,1263,62005.29,IN,basic
71,2024-01-17 20:32:07,0,6.85,laptop stand,perfect fit very comfortable,55,1419,77522.08,FR,premium
71,2024-01-17 21:04:31,0,23.9,phone case,amazing value highly recommend,47,570,56471.86,US,free
71,2024-01-17 22:20:46,0,18.51,bluetooth speaker,works as expected average experience,41,114,60429.15,IN,free
71,2024-01-17 23:05:30,0,31.41,wireless earbuds,works as expected average experience,28,1155,86733.6,UK,premium
71,2024-01-17 23:07:33,0,31.8,yoga mat,not worth the price disappointed,34,1578,101560.37,CA,basic
71,2024-01-17 23:10:11,1,58.11,laptop stand,amazing value highly recommend,37,417,57590.07,IN,enterprise
72,2024-02-25 00:34:31,0,47.08,phone case,works as expected average experience,65,1491,27178.97,US,free
72,2024-02-25 01:35:07,1,13.47,wireless earbuds,excellent quality would buy again,41,1050,50935.97,IN,premium
72,2024-02-25 01:39:13,1,43.03,wireless earbuds,perfect fit very comfortable,69,1738,35051.17,IN,basic
72,2024-02-25 02:50:29,0,41.97,wireless earbuds,amazing value highly recommend,39,1051,48294.76,FR,premium
72,2024-02-25 03:04:00,1,39.95,running shoes,stopped working after a week,53,1533,64361.87,DE,basic
72,2024-02-25 03:05:25,0,19.4,coffee maker,arrived damaged poor packaging,19,524,39573.27,UK,free
72,2024-02-25 05:18:32,0,60.07,phone case,amazing value highly recommend,44,331,59013.45,US,free
72,2024-02-25 05:52:00,0,50.08,phone case,great product fast shipping,49,1609,27507.6,DE,premium
72,2024-02-25 06:49:31,1,26.99,water bottle,amazing value highly recommend,45,1477,55802.19,IN,basic
72,2024-02-25 07:17:28,0,11.09,phone case,perfect fit very comfortable,21,801,63269.33,US,basic
72,2024-02-25 08:52:46,1,39.47,coffee maker,not worth the price disappointed,50,537,120681.28,IN,free
72,2024-02-25 10:01:22,0,129.11,running shoes,perfect fit very comfortable,65,1816,44682.82,IN,basic
72,2024-02-25 10:11:58,1,14.47,bluetooth speaker,perfect fit very comfortable,47,282,31064.52,US,premium
72,2024-02-25 10:24:24,0,25.95,backpack,not worth the price disappointed,21,1045,33818.31,AU,free
72,2024-02-25 11:07:41,0,14.48,bluetooth speaker,great product fast shipping,46,1806,71321.96,FR,basic
72,2024-02-25 11:33:44,1,96.76,desk lamp,stopped working after a week,40,1207,37674.04,FR,premium
72,2024-02-25 12:09:19,0,41.54,backpack,works as expected average experience,40,205,93702.44,CA,free
72,2024-02-25 12:29:27,0,16.02,phone case,amazing value highly recommend,46,1494,44934.0,DE,basic
72,2024-02-25 13:32:43,0,23.01,water bottle,works as expected average experience,59,137,61622.35,IN,free
72,2024-02-25 13:54:50,1,53.6,phone case,amazing value highly recommend,42,403,37635.93,UK,premium
72,2024-02-25 14:34:23,0,14.36,wireless earbuds,amazing value highly recommend,18,143,38746.44,AU,basic
72,2024-02-25 15:18:49,0,27.34,laptop stand,excellent quality would buy again,32,185,34084.48,UK,enterprise
72,2024-02-25 16:33:46,0,19.06,backpack,stopped working after a week,20,1209,24166.94,IN,enterprise
72,2024-02-25 16:56:47,0,24.88,desk lamp,excellent quality would buy again,39,1068,32564.41,FR,basic
72,2024-02-25 17:30:21,0,14.94,laptop stand,amazing value highly recommend,47,1153,72909.63,CA,premium
72,2024-02-25 17:31:55,0,17.38,wireless earbuds,perfect fit very comfortable,33,1782,48776.4,US,premium
72,2024-02-25 19:04:26,1,27.03,running shoes,excellent quality would buy again,47,1599,42333.14,DE,basic
72,2024-02-25 20:06:18,1,61.57,yoga mat,perfect fit very comfortable,42,1681,35111.83,IN,enterprise
72,2024-02-25 20:59:02,0,20.13,wireless earbuds,great product fast shipping,64,1731,25854.29,IN,free
72,2024-02-25 21:08:56,1,42.53,desk lamp,works as expected average experience,27,1554,51303.68,AU,basic
72,2024-02-25 21:50:30,0,20.2,backpack,great product fast shipping,65,1866,44630.1,DE,free
72,2024-02-25 22:26:19,0,9.48,desk lamp,arrived damaged poor packaging,30,171,42790.65,AU,basic
72,2024-02-25 22:33:36,1,86.25,coffee maker,works as expected average experience,45,817,62484.68,FR,enterprise
72,2024-02-25 23:34:17,0,17.4,yoga mat,perfect fit very comfortable,48,40,52001.8,US,premium
73,2024-01-18 00:57:44,1,198.55,running shoes,stopped working after a week,54,136,54669.91,DE,basic
73,2024-01-18 02:19:24,0,71.81,backpack,excellent quality would buy again,49,509,45212.96,UK,free
73,2024-01-18 02:43:35,1,19.69,laptop stand,excellent quality would buy again,33,1505,67961.5,IN,premium
73,2024-01-18 03:16:22,1,41.21,laptop stand,arrived damaged poor packaging,41,264,72206.75,AU,premium
73,2024-01-18 03:21:03,1,40.66,backpack,arrived damaged poor packaging,29,1953,50765.59,UK,free
73,2024-01-18 03:55:17,1,19.24,water bottle,amazing value highly recommend,49,1071,31970.2,DE,basic
73,2024-01-18 04:27:27,1,110.72,desk lamp,arrived damaged poor packaging,68,1504,61309.57,IN,premium
73,2024-01-18 04:31:24,1,131.4,phone case,excellent quality would buy again,40,40,40081.64,DE,premium
73,2024-01-18 04:46:11,0,38.72,desk lamp,stopped working after a week,50,1032,41090.03,US,premium
73,2024-01-18 05:08:37,0,84.19,yoga mat,works as expected average experience,50,175,61208.41,UK,basic
73,2024-01-18 08:15:33,0,30.25,coffee maker,stopped working after a week,61,1444,57647.74,US,free
73,2024-01-18 09:02:29,0,12.15,yoga mat,amazing value highly recommend,54,925,44366.47,DE,basic
73,2024-01-18 09:43:11,1,44.23,running shoes,excellent quality would buy again,41,781,52546.06,DE,free
73,2024-01-18 10:44:09,0,44.22,backpack,not worth the price disappointed,63,1838,50784.9,IN,premium
73,2024-01-18 11:04:53,0,25.89,backpack,stopped working after a week,32,32,86498.29,DE,basic
73,2024-01-18 11:48:51,1,37.97,desk lamp,arrived damaged poor packaging,22,810,43072.79,IN,premium
73,2024-01-18 12:17:21,0,25.62,backpack,great product fast shipping,68,1650,68331.64,AU,free
73,2024-01-18 12:32:02,1,48.22,bluetooth speaker,arrived damaged poor packaging,51,1070,41796.5,IN,basic
73,2024-01-18 13:46:53,0,57.37,laptop stand,amazing value highly recommend,25,1193,42574.53,FR,premium
73,2024-01-18 13:56:56,1,103.94,desk lamp,works as expected average experience,58,529,33858.09,FR,premium
73,2024-01-18 14:50:56,1,67.77,yoga mat,not worth the price disappointed,20,1628,48464.19,UK,free
73,2024-01-18 15:02:21,0,74.39,bluetooth speaker,arrived damaged poor packaging,46,36,92874.87,AU,basic
73,2024-01-18 16:02:23,1,27.21,coffee maker,excellent quality would buy again,40,1783,48844.15,UK,enterprise
73,2024-01-18 18:58:19,0,40.55,desk lamp,works as expected average experience,49,1676,46033.12,DE,basic
73,2024-01-18 22:21:20,0,16.94,water bottle,perfect fit very comfortable,40,1089,18209.03,CA,premium
73,2024-01-18 22:44:08,1,33.25,yoga mat,arrived damaged poor packaging,21,1936,47684.37,CA,premium
73,2024-01-18 23:03:54,0,25.68,backpack,works as expected average experience,66,1159,44245.75,US,basic
74,2024-01-27 00:51:41,1,28.82,backpack,works as expected average experience,33,1058,70203.59,FR,enterprise
74,2024-01-27 00:58:10,0,21.05,desk lamp,arrived damaged poor packaging,21,1802,42382.68,CA,basic
74,2024-01-27 01:04:57,1,44.73,wireless earbuds,stopped working after a week,54,274,76491.19,CA,free
74,2024-01-27 01:56:15,1,55.02,coffee maker,not worth the price disappointed,49,1120,46106.49,AU,premium
74,2024-01-27 03:12:35,1,192.3,bluetooth speaker,great product fast shipping,22,1202,39280.63,AU,premium
74,2024-01-27 04:52:57,0,28.74,desk lamp,great product fast shipping,62,1626,60234.44,UK,free
74,2024-01-27 04:54:26,1,35.65,bluetooth speaker,not worth the price disappointed,30,564,27545.31,UK,basic
74,2024-01-27 05:23:26,1,11.19,phone case,arrived damaged poor packaging,32,1066,30461.37,US,enterprise
74,2024-01-27 05:53:02,0,19.79,yoga mat,excellent quality would buy again,26,98,24184.28,FR,enterprise
74,2024-01-27 07:14:32,0,30.59,running shoes,stopped working after a week,52,480,42392.92,UK,enterprise
74,2024-01-27 07:27:46,1,66.2,laptop stand,not worth the price disappointed,43,1077,49115.09,IN,premium
74,2024-01-27 08:38:08,0,18.55,coffee maker,arrived damaged poor packaging,50,1854,39353.92,CA,enterprise
74,2024-01-27 08:44:47,1,19.02,phone case,works as expected average experience,51,448,69205.72,FR,premium
74,2024-01-27 08:51:51,0,32.3,desk lamp,great product fast shipping,55,187,41672.57,CA,free
74,2024-01-27 09:19:44,0,52.34,coffee maker,stopped working after a week,23,928,45989.74,AU,basic
74,2024-01-27 09:57:27,0,16.28,yoga mat,perfect fit very comfortable,46,1061,28573.54,IN,enterprise
74,2024-01-27 10:17:47,1,37.69,laptop stand,arrived damaged poor packaging,57,980,49032.1,US,free
74,2024-01-27 10:20:44,0,32.65,coffee maker,stopped working after a week,21,227,40322.69,DE,basic
74,2024-01-27 11:29:04,1,15.33,bluetooth speaker,amazing value highly recommend,68,1340,73136.03,CA,premium
74,2024-01-27 12:31:48,1,45.57,phone case,works as expected average experience,44,555,19583.08,CA,enterprise
74,2024-01-27 12:49:49,0,29.34,phone case,great product fast shipping,39,1211,36814.26,US,premium
74,2024-01-27 13:04:58,1,67.46,laptop stand,stopped working after a week,39,1216,46660.97,US,free
74,2024-01-27 13:58:49,1,28.93,yoga mat,amazing value highly recommend,66,1036,86109.22,DE,enterprise
74,2024-01-27 15:13:17,1,53.3,water bottle,not worth the price disappointed,56,694,37502.98,US,free
74,2024-01-27 15:38:24,1,38.75,yoga mat,excellent quality would buy again,18,1973,47052.68,DE,basic
74,2024-01-27 15:51:25,0,29.01,water bottle,stopped working after a week,25,1967,41648.24,IN,free
74,2024-01-27 16:56:20,1,34.77,bluetooth speaker,not worth the price disappointed,23,31,38608.36,AU,premium
74,2024-01-27 18:16:57,1,53.04,coffee maker,amazing value highly recommend,27,1015,44786.65,DE,enterprise
74,2024-01-27 19:24:54,0,9.64,desk lamp,amazing value highly recommend,34,83,53180.73,UK,basic
74,2024-01-27 20:05:57,0,30.61,wireless earbuds,perfect fit very comfortable,47,1263,23579.22,US,basic
74,2024-01-27 20:54:49,1,22.89,bluetooth speaker,great product fast shipping,49,1960,111670.72,CA,basic
74,2024-01-27 21:13:12,1,52.97,laptop stand,stopped working after a week,35,1620,56467.44,IN,premium
74,2024-01-27 21:40:18,1,21.47,phone case,great product fast shipping,31,443,51181.41,US,enterprise
74,2024-01-27 22:27:39,1,58.6,water bottle,stopped working after a week,20,357,31597.66,US,premium
74,2024-01-27 23:00:32,0,29.39,yoga mat,stopped working after a week,39,1235,126208.27,CA,free
74,2024-01-27 23:23:09,0,15.31,backpack,stopped working after a week,51,83,34210.76,DE,premium
74,2024-01-27 23:46:40,0,12.44,running shoes,arrived damaged poor packaging,63,1030,61405.51,US,free
74,2024-01-27 23:50:42,1,10.44,yoga mat,amazing value highly recommend,27,524,60456.61,UK,premium
75,2024-02-09 00:06:49,1,38.29,laptop stand,excellent quality would buy again,50,545,24626.73,IN,premium
75,2024-02-09 01:26:08,0,20.03,wireless earbuds,great product fast shipping,59,1484,67702.47,CA,free
75,2024-02-09 01:30:53,0,22.02,running shoes,amazing value highly recommend,27,1925,71335.43,AU,premium
75,2024-02-09 01:39:41,0,27.78,running shoes,not worth the price disappointed,60,67,84077.44,FR,free
75,2024-02-09 02:15:46,1,34.79,coffee maker,great product fast shipping,28,465,41555.83,DE,free
75,2024-02-09 02:49:12,1,77.54,water bottle,great product fast shipping,38,232,61232.12,CA,enterprise
75,2024-02-09 03:44:17,0,31.19,laptop stand,arrived damaged poor packaging,37,1855,68497.12,FR,basic
75,2024-02-09 04:07:53,1,80.33,laptop stand,not worth the price disappointed,69,333,48011.44,AU,premium
75,2024-02-09 04:32:41,0,32.6,laptop stand,amazing value highly recommend,48,1034,57875.55,IN,basic
75,2024-02-09 04:45:01,1,23.26,yoga mat,perfect fit very comfortable,37,1960,47620.83,IN,premium
75,2024-02-09 04:47:51,0,204.64,coffee maker,not worth the price disappointed,67,682,41979.79,FR,basic
75,2024-02-09 06:47:02,1,19.66,coffee maker,amazing value highly recommend,24,1618,44955.61,AU,premium
75,2024-02-09 06:51:54,1,8.39,yoga mat,great product fast shipping,36,604,42507.68,CA,enterprise
75,2024-02-09 06:55:50,1,35.24,backpack,arrived damaged poor packaging,24,675,58585.51,US,enterprise
75,2024-02-09 07:27:20,0,24.62,water bottle,perfect fit very comfortable,41,671,38873.68,UK,basic
75,2024-02-09 09:32:00,1,17.12,water bottle,amazing value highly recommend,22,487,63796.99,UK,premium
75,2024-02-09 10:40:49,0,22.54,running shoes,perfect fit very comfortable,40,1925,59902.17,AU,free
75,2024-02-09 12:19:29,0,17.21,bluetooth speaker,works as expected average experience,27,985,48520.87,UK,premium
75,2024-02-09 12:50:15,0,5.63,coffee maker,arrived damaged poor packaging,50,1330,61376.87,DE,free
75,2024-02-09 13:37:07,1,102.79,bluetooth speaker,great product fast shipping,48,198,34014.01,AU,basic
75,2024-02-09 16:10:28,0,17.95,wireless earbuds,perfect fit very comfortable,54,1079,26967.68,AU,basic
75,2024-02-09 16:59:21,0,12.52,running shoes,works as expected average experience,60,930,33580.23,IN,basic
75,2024-02-09 17:19:55,0,30.72,bluetooth speaker,excellent quality would buy again,31,253,62035.8,DE,basic
75,2024-02-09 18:59:26,1,75.26,desk lamp,arrived damaged poor packaging,56,850,38285.55,CA,premium
75,2024-02-09 19:01:41,0,4.1,laptop stand,amazing value highly recommend,69,224,28950.44,CA,premium
75,2024-02-09 20:01:58,1,46.17,laptop stand,stopped working after a week,58,1777,45032.45,US,free
75,2024-02-09 20:48:54,0,12.83,running shoes,excellent quality would buy again,65,757,48299.5,DE,premium
75,2024-02-09 20:54:35,0,29.13,bluetooth speaker,arrived damaged poor packaging,58,827,78219.82,FR,free
75,2024-02-09 21:52:42,1,40.28,running shoes,amazing value highly recommend,26,383,32086.12,UK,free
75,2024-02-09 21:58:40,0,29.2,desk lamp,works as expected average experience,29,418,43095.31,US,basic
75,2024-02-09 22:29:12,0,17.13,coffee maker,perfect fit very comfortable,20,465,41505.06,UK,basic
75,2024-02-09 23:08:41,1,60.56,wireless earbuds,amazing value highly recommend,33,1959,85656.11,UK,basic
75,2024-02-09 23:15:00,1,65.92,yoga mat,arrived damaged poor packaging,63,782,49991.94,DE,enterprise
75,2024-02-09 23:44:24,0,24.13,yoga mat,amazing value highly recommend,32,1964,50790.25,IN,free
76,2024-01-08 03:02:47,1,61.6,yoga mat,works as expected average experience,45,1180,64420.91,DE,premium
76,2024-01-08 03:02:48,1,46.95,running shoes,perfect fit very comfortable,58,176,63318.36,FR,basic
76,2024-01-08 03:03:35,1,51.5,backpack,great product fast shipping,59,1974,61691.98,DE,premium
76,2024-01-08 05:10:22,1,17.34,water bottle,excellent quality would buy again,49,312,52787.44,UK,basic
76,2024-01-08 06:43:05,1,60.19,desk lamp,works as expected average experience,53,720,88407.23,AU,free
76,2024-01-08 07:12:17,1,107.23,yoga mat,works as expected average experience,20,899,96849.68,DE,basic
76,2024-01-08 08:41:13,1,17.77,wireless earbuds,excellent quality would buy again,45,1784,46194.1,CA,premium
76,2024-01-08 09:16:19,0,44.05,yoga mat,not worth the price disappointed,63,1896,63334.56,UK,free
76,2024-01-08 09:18:48,1,51.78,phone case,great product fast shipping,69,1738,53108.05,IN,enterprise
76,2024-01-08 10:30:38,1,81.58,laptop stand,stopped working after a week,36,785,57820.97,DE,premium
76,2024-01-08 10:57:13,1,59.51,phone case,excellent quality would buy again,49,1447,74672.82,US,enterprise
76,2024-01-08 10:57:35,1,19.76,wireless earbuds,excellent quality would buy again,68,1768,52391.4,FR,enterprise
76,2024-01-08 11:35:25,0,18.41,bluetooth speaker,excellent quality would buy again,61,1626,18899.6,AU,free
76,2024-01-08 12:58:44,0,51.43,wireless earbuds,great product fast shipping,26,108,50913.13,AU,premium
76,2024-01-08 13:02:38,0,51.77,wireless earbuds,perfect fit very comfortable,54,54,30189.69,IN,free
76,2024-01-08 13:05:46,0,33.92,phone case,amazing value highly recommend,28,365,60897.59,AU,premium
76,2024-01-08 14:51:31,1,52.04,yoga mat,stopped working after a week,56,653,69182.69,AU,basic
76,2024-01-08 15:01:57,0,24.99,yoga mat,arrived damaged poor packaging,33,1890,61839.75,UK,basic
76,2024-01-08 16:54:58,1,72.22,coffee maker,not worth the price disappointed,52,772,47378.99,UK,premium
76,2024-01-08 16:59:17,0,8.07,laptop stand,works as expected average experience,59,875,65687.86,IN,free
76,2024-01-08 18:20:28,0,18.82,backpack,perfect fit very comfortable,54,277,67999.6,AU,premium
76,2024-01-08 19:05:56,1,91.94,water bottle,excellent quality would buy again,24,831,76760.97,AU,basic
76,2024-01-08 19:55:13,0,63.7,laptop stand,not worth the price disappointed,24,276,68496.76,IN,basic
76,2024-01-08 20:12:42,1,37.97,laptop stand,works as expected average experience,39,1717,84922.33,IN,premium
76,2024-01-08 20:42:04,0,14.88,laptop stand,amazing value highly recommend,48,1058,94326.46,UK,basic
76,2024-01-08 21:34:26,0,51.3,water bottle,great product fast shipping,31,568,40401.57,IN,free
76,2024-01-08 22:08:58,0,4.78,coffee maker,perfect fit very comfortable,24,634,84922.84,DE,free
76,2024-01-08 22:38:28,1,145.52,bluetooth speaker,excellent quality would buy again,18,306,30808.0,FR,premium
76,2024-01-08 23:10:08,0,19.8,coffee maker,perfect fit very comfortable,67,167,54602.44,UK,premium
76,2024-01-08 23:19:23,0,20.35,desk lamp,stopped working after a week,64,151,49965.08,FR,premium
76,2024-01-08 23:25:17,1,27.78,water bottle,great product fast shipping,56,784,72368.95,AU,basic
77,2024-02-03 00:50:39,1,524.92,backpack,works as expected average experience,63,478,30293.95,FR,premium
77,2024-02-03 01:51:30,0,17.94,backpack,perfect fit very comfortable,64,457,33214.66,UK,basic
77,2024-02-03 02:04:56,1,29.46,desk lamp,great product fast shipping,61,1634,68465.04,UK,enterprise
77,2024-02-03 02:09:14,0,15.15,running shoes,stopped working after a week,44,1340,37278.61,DE,free
77,2024-02-03 02:44:16,0,27.91,water bottle,arrived damaged poor packaging,29,212,48966.03,AU,basic
77,2024-02-03 03:46:50,0,24.42,bluetooth speaker,stopped working after a week,37,1987,86328.77,UK,premium
77,2024-02-03 04:38:49,0,100.11,water bottle,not worth the price disappointed,32,521,58499.28,US,premium
77,2024-02-03 04:40:37,1,74.3,bluetooth speaker,not worth the price disappointed,50,59,49069.94,US,enterprise
77,2024-02-03 04:56:22,1,7.59,laptop stand,excellent quality would buy again,27,257,63465.73,CA,premium
77,2024-02-03 05:14:56,0,8.28,wireless earbuds,arrived damaged poor packaging,39,1623,41667.74,DE,basic
77,2024-02-03 06:47:01,1,35.71,running shoes,excellent quality would buy again,56,590,62823.43,DE,basic
77,2024-02-03 07:33:55,0,41.6,running shoes,works as expected average experience,45,920,59374.52,IN,basic
77,2024-02-03 08:40:42,1,30.86,yoga mat,great product fast shipping,36,871,52006.69,CA,premium
77,2024-02-03 09:12:18,1,24.13,phone case,perfect fit very comfortable,61,529,65971.11,DE,free
77,2024-02-03 09:23:46,1,25.96,laptop stand,stopped working after a week,46,1424,59000.16,FR,premium
77,2024-02-03 10:42:20,0,20.34,backpack,arrived damaged poor packaging,48,1073,40201.54,UK,free
77,2024-02-03 12:22:41,0,106.02,bluetooth speaker,perfect fit very comfortable,18,1682,43562.39,AU,basic
77,2024-02-03 13:38:12,0,43.81,desk lamp,not worth the price disappointed,48,1235,58978.72,AU,free
77,2024-02-03 14:41:35,1,42.28,phone case,great product fast shipping,37,939,31235.49,US,basic
77,2024-02-03 15:56:32,1,44.74,water bottle,perfect fit very comfortable,57,804,75653.76,FR,basic
77,2024-02-03 17:22:20,0,74.72,yoga mat,amazing value highly recommend,50,1571,40931.94,DE,basic
77,2024-02-03 17:23:15,1,14.26,wireless earbuds,perfect fit very comfortable,69,814,43213.14,AU,free
77,2024-02-03 18:43:00,1,31.28,desk lamp,perfect fit very comfortable,26,628,49216.64,US,free
77,2024-02-03 19:38:17,0,30.18,backpack,not worth the price disappointed,62,1525,21654.35,AU,basic
77,2024-02-03 20:02:37,1,14.77,backpack,works as expected average experience,38,807,33001.89,US,basic
77,2024-02-03 20:38:54,0,103.13,laptop stand,perfect fit very comfortable,62,817,86399.07,FR,premium
77,2024-02-03 22:20:11,1,38.91,laptop stand,not worth the price disappointed,57,1599,64418.55,CA,basic
77,2024-02-03 22:28:05,0,16.93,backpack,arrived damaged poor packaging,21,1595,48350.22,UK,basic
77,2024-02-03 23:25:03,1,163.29,yoga mat,not worth the price disappointed,48,1913,107814.52,CA,basic
78,2024-01-31 00:58:31,1,44.21,bluetooth speaker,not worth the price disappointed,68,1878,40827.91,US,free
78,2024-01-31 01:10:43,1,47.69,coffee maker,excellent quality would buy again,64,1520,37380.42,US,free
78,2024-01-31 01:31:11,0,11.29,running shoes,stopped working after a week,23,564,33020.26,AU,free
78,2024-01-31 02:10:26,0,24.68,coffee maker,perfect fit very comfortable,57,50,39899.38,UK,free
78,2024-01-31 02:41:32,0,45.59,desk lamp,perfect fit very comfortable,67,1572,113961.63,UK,basic
78,2024-01-31 03:03:44,0,32.36,yoga mat,works as expected average experience,61,184,70602.77,DE,enterprise
78,2024-01-31 03:33:42,0,27.65,desk lamp,perfect fit very comfortable,30,259,27042.99,AU,basic
78,2024-01-31 03:33:58,0,13.33,running shoes,perfect fit very comfortable,46,1958,135209.43,AU,enterprise
78,2024-01-31 03:41:11,0,11.45,running shoes,arrived damaged poor packaging,46,1499,61613.06,IN,free
78,2024-01-31 04:40:58,1,42.24,coffee maker,stopped working after a week,45,386,48949.04,FR,basic
78,2024-01-31 04:50:41,0,22.01,laptop stand,great product fast shipping,64,1544,49430.58,US,free
78,2024-01-31 05:25:20,1,180.79,backpack,perfect fit very comfortable,45,698,42051.82,CA,free
78,2024-01-31 05:40:21,0,96.6,laptop stand,arrived damaged poor packaging,58,1276,40477.9,FR,basic
78,2024-01-31 06:15:34,1,77.42,running shoes,stopped working after a week,18,1434,63237.67,AU,premium
78,2024-01-31 08:20:58,1,45.04,running shoes,amazing value highly recommend,21,492,60908.19,FR,basic
78,2024-01-31 08:31:41,0,11.41,coffee maker,arrived damaged poor packaging,31,361,68433.77,CA,free
78,2024-01-31 08:44:39,0,30.71,bluetooth speaker,great product fast shipping,26,792,40374.1,FR,free
78,2024-01-31 11:19:35,0,18.5,laptop stand,works as expected average experience,52,1678,56350.48,US,basic
78,2024-01-31 12:10:44,0,45.97,yoga mat,great product fast shipping,52,1824,73173.53,US,enterprise
78,2024-01-31 12:53:35,1,53.82,bluetooth speaker,not worth the price disappointed,33,1160,30365.55,CA,free
78,2024-01-31 13:30:43,1,76.86,desk lamp,works as expected average experience,23,1469,53901.21,DE,premium
78,2024-01-31 13:38:44,1,14.59,phone case,arrived damaged poor packaging,62,676,76356.85,AU,premium
78,2024-01-31 14:49:36,0,17.66,bluetooth speaker,amazing value highly recommend,20,549,54887.14,DE,free
78,2024-01-31 14:59:48,1,10.66,wireless earbuds,arrived damaged poor packaging,20,590,74265.81,AU,basic
78,2024-01-31 15:01:25,0,18.23,desk lamp,great product fast shipping,24,1678,46230.8,US,basic
78,2024-01-31 15:38:43,1,86.8,yoga mat,excellent quality would buy again,35,1246,23973.87,DE,premium
78,2024-01-31 15:50:31,1,35.13,bluetooth speaker,works as expected average experience,27,1086,79171.29,UK,enterprise
78,2024-01-31 19:06:47,0,14.06,wireless earbuds,excellent quality would buy again,48,1007,47489.4,DE,free
78,2024-01-31 19:12:50,1,43.35,bluetooth speaker,not worth the price disappointed,62,1362,37634.87,UK,enterprise
78,2024-01-31 20:42:44,1,6.17,phone case,works as expected average experience,48,99,26972.16,DE,premium
78,2024-01-31 20:44:21,1,35.28,desk lamp,stopped working after a week,60,973,44117.59,DE,free
78,2024-01-31 20:54:25,0,19.14,water bottle,amazing value highly recommend,51,1765,51334.09,UK,basic
78,2024-01-31 21:53:55,1,49.55,wireless earbuds,excellent quality would buy again,56,975,56873.19,CA,basic
78,2024-01-31 22:23:24,1,50.73,laptop stand,great product fast shipping,22,449,72026.96,AU,basic
78,2024-01-31 22:46:20,1,218.04,phone case,amazing value highly recommend,23,690,60034.99,UK,premium
78,2024-01-31 23:27:09,0,21.16,yoga mat,amazing value highly recommend,28,440,44527.57,CA,free
79,2024-02-17 00:45:19,1,45.5,bluetooth speaker,arrived damaged poor packaging,52,608,49739.95,AU,enterprise
79,2024-02-17 02:34:31,0,51.11,running shoes,not worth the price disappointed,57,783,31503.74,UK,enterprise
79,2024-02-17 02:58:03,0,6.47,desk lamp,stopped working after a week,50,736,53714.73,UK,basic
79,2024-02-17 03:53:24,1,81.26,running shoes,perfect fit very comfortable,51,1865,65761.43,IN,premium
79,2024-02-17 04:03:10,1,99.87,running shoes,great product fast shipping,69,1076,23928.74,UK,free
79,2024-02-17 04:10:50,1,33.35,water bottle,works as expected average experience,68,896,45425.26,FR,premium
79,2024-02-17 04:23:14,0,6.74,running shoes,excellent quality would buy again,58,1293,38347.48,CA,basic
79,2024-02-17 04:27:15,0,100.65,wireless earbuds,great product fast shipping,34,341,65820.19,US,premium
79,2024-02-17 04:30:34,1,24.31,coffee maker,works as expected average experience,23,1795,46375.23,AU,premium
79,2024-02-17 05:29:14,1,42.12,running shoes,works as expected average experience,28,1181,57578.85,UK,enterprise
79,2024-02-17 07:41:51,1,180.56,wireless earbuds,works as expected average experience,46,1149,27198.01,AU,free
79,2024-02-17 07:48:50,0,41.54,water bottle,stopped working after a week,58,1600,48467.01,US,basic
79,2024-02-17 09:04:45,0,16.87,backpack,not worth the price disappointed,61,152,60330.85,DE,free
79,2024-02-17 09:46:18,1,73.89,laptop stand,amazing value highly recommend,22,1621,68519.97,UK,premium
79,2024-02-17 10:09:08,0,17.33,running shoes,excellent quality would buy again,46,1909,45596.91,DE,free
79,2024-02-17 10:26:03,1,25.16,yoga mat,stopped working after a week,23,1917,26340.73,US,basic
79,2024-02-17 10:30:29,1,63.91,backpack,excellent quality would buy again,39,534,47975.65,UK,free
79,2024-02-17 11:56:36,0,12.76,yoga mat,perfect fit very comfortable,21,1389,36561.15,US,premium
79,2024-02-17 12:11:47,1,157.61,phone case,stopped working after a week,64,1314,46778.93,DE,free
79,2024-02-17 12:28:09,1,46.3,phone case,perfect fit very comfortable,21,482,31994.0,IN,basic
79,2024-02-17 12:44:45,1,19.08,backpack,works as expected average experience,34,1776,50536.64,AU,free
79,2024-02-17 12:58:17,1,42.72,laptop stand,great product fast shipping,50,118,55524.75,US,enterprise
79,2024-02-17 14:07:56,1,453.42,backpack,excellent quality would buy again,35,902,111034.76,IN,basic
79,2024-02-17 14:47:41,1,51.03,phone case,great product fast shipping,64,1962,43596.19,CA,enterprise
79,2024-02-17 14:54:07,1,52.51,laptop stand,perfect fit very comfortable,60,1662,89464.37,UK,premium
79,2024-02-17 15:40:35,1,26.95,running shoes,works as expected average experience,69,694,31814.98,US,enterprise
79,2024-02-17 16:08:54,1,67.37,backpack,works as expected average experience,53,320,61501.43,CA,basic
79,2024-02-17 17:09:46,1,87.15,water bottle,arrived damaged poor packaging,24,1560,65095.72,IN,basic
79,2024-02-17 17:19:32,0,29.77,coffee maker,stopped working after a week,60,1367,78466.44,DE,premium
79,2024-02-17 18:18:44,0,131.01,phone case,great product fast shipping,68,1204,26489.69,DE,basic
79,2024-02-17 18:25:23,1,51.58,bluetooth speaker,stopped working after a week,44,1415,49921.43,US,free
79,2024-02-17 18:29:54,0,8.92,phone case,perfect fit very comfortable,20,562,59269.78,IN,basic
79,2024-02-17 19:23:30,1,34.03,desk lamp,excellent quality would buy again,38,1140,47470.0,CA,basic
79,2024-02-17 19:43:54,1,121.31,desk lamp,works as expected average experience,56,1184,75410.01,CA,basic
79,2024-02-17 20:23:07,1,92.02,backpack,arrived damaged poor packaging,41,1707,80217.28,IN,basic
79,2024-02-17 21:39:49,0,30.08,yoga mat,amazing value highly recommend,29,153,36767.43,IN,basic
79,2024-02-17 22:28:48,1,48.52,water bottle,stopped working after a week,23,1618,40620.16,DE,premium
79,2024-02-17 22:41:47,0,14.84,wireless earbuds,not worth the price disappointed,65,1156,40709.4,FR,free
